scenario,metric,parity,mean,std_across_seeds,se_across_seeds
2025,overall_reward,all,47801.97385336381,85.93037215368979,38.429230693501076
2025,overall_discounted,all,4948.4709448675885,27.575015063541198,12.33192163253176
2025,annualized_reward,all,3186.7982568909206,5.728691476912653,2.5619487129000715
2025,parity_reward,0,48052.21108160195,177.039512138672,79.17447676909394
2025,parity_discounted,0,5469.871196479462,22.267991742673455,9.958548651804369
2025,parity_reward,1,47363.384829876246,67.64530913854969,30.251901918556968
2025,parity_discounted,1,5025.176806845803,11.733537487111906,5.247397487544857
2025,parity_reward,2,48070.119372704015,121.40718875746032,54.294945403765894
2025,parity_discounted,2,5329.159697320658,19.57626431012774,8.75477154858973
2025,parity_reward,3,48257.0951804722,124.77427846426156,55.800753697915376
2025,parity_discounted,3,5474.252031105242,22.9811243236071,10.27747123739187
2025,parity_reward,4,48220.269308496405,116.11169160898298,51.92672708403557
2025,parity_discounted,4,5517.7102917924285,29.37921118373159,13.13878266642918
2025,parity_reward,5,48168.72824055645,152.28275304949767,68.10291752389803
2025,parity_discounted,5,5485.93329917616,28.810826698916994,12.884593397348853
2025,parity_reward,6,48107.73404736741,135.74239016926984,60.705842369357306
2025,parity_discounted,6,5423.688095510766,36.59810446521442,16.367169886371606
2025,parity_reward,7,48163.09398117031,160.23761841497247,71.66044146571011
2025,parity_discounted,7,5348.872058555777,19.68434106689221,8.803104943572343
2025,parity_reward,8,47926.04714121569,99.73999674160284,44.60508255796629
2025,parity_discounted,8,5223.674118993379,36.52463915415806,16.334315200469568
2025,parity_reward,9,47887.75217648369,105.22284307896983,47.05708598207396
2025,parity_discounted,9,5140.672975051008,33.36389166416413,14.920785951001914
2025,parity_reward,10,47860.73437297719,195.0036507696033,87.20828379629242
2025,parity_discounted,10,5019.974847756764,38.64066607968264,17.280631210008135
2025,parity_reward,11,47674.66505631963,175.36125045448236,78.42393532711769
2025,parity_discounted,11,4903.982142747778,30.791456790694347,13.770358102048014
2025,parity_reward,12,47674.037131593475,292.79803569078496,130.94326229660095
2025,parity_discounted,12,4836.069675396955,68.01846873388116,30.418783962880465
2025,parity_fraction,0,0.028776666666666666,,0.0005351860181974806
2025,replacement_fraction,0,0.0,,0.0
2025,parity_fraction,1,0.3297377777777778,,0.003080777419122132
2025,replacement_fraction,1,0.21902561123301006,,0.008645002285265468
2025,parity_fraction,2,0.23796777777777778,,0.0009261419377659636
2025,replacement_fraction,2,0.206493209067168,,0.005390648969462263
2025,parity_fraction,3,0.15665555555555555,,0.0013270255888942935
2025,replacement_fraction,3,0.16641787969334798,,0.004475565640639512
2025,parity_fraction,4,0.10096333333333334,,0.0013600671733592364
2025,replacement_fraction,4,0.11160270909202467,,0.002917985322009235
2025,parity_fraction,5,0.06357333333333334,,0.0010045197243176505
2025,replacement_fraction,5,0.07829468754413436,,0.0024899697318789674
2025,parity_fraction,6,0.03806333333333334,,0.0007976017292599845
2025,replacement_fraction,6,0.05874634064351614,,0.001361361955421276
2025,parity_fraction,7,0.02175222222222222,,0.0006795073560408162
2025,replacement_fraction,7,0.04376760168338689,,0.0018354438580947955
2025,parity_fraction,8,0.011437777777777778,,0.00062309314049217
2025,replacement_fraction,8,0.03322343372115961,,0.0009095225005726834
2025,parity_fraction,9,0.005662222222222222,,0.0005602837684910815
2025,replacement_fraction,9,0.025898160115881457,,0.0007453667710923838
2025,parity_fraction,10,0.0028966666666666663,,0.00028991590947704344
2025,replacement_fraction,10,0.019236838772245093,,0.0006005255753355036
2025,parity_fraction,11,0.0015388888888888887,,0.00010157707041733336
2025,replacement_fraction,11,0.019199273098427613,,0.0005067698432144059
2025,parity_fraction,12,0.0009744444444444444,,9.607417401976582e-05
2025,replacement_fraction,12,0.018094255335698133,,0.001262903818346673
2025,mean_parity,all,2.5780555555555558,,0.017998621089158853
2025,mean_replacement_parity,all,3.747563564826708,,0.0485280809594532
2025,replacements_per_15yr,all,5.203,,0.09764169191487834
2025,annual_culling_rate_total,all,0.34686666666666666,,0.006509446127658549
2025,annual_culling_rate_voluntary,all,0.31388,,0.0071511739517990235
2025,annual_culling_rate_death,all,0.03218666666666667,,0.0006855330448312143
2025,annual_culling_rate_involuntary,all,0.0008,,0.00023851391759997757
2025,avg_cow_lifespan_months,all,34.59542571593311,,
2025,parity_annual_rate_total,0,0.0,,0.0
2025,parity_annual_rate_voluntary,0,0.0,,0.0
2025,parity_annual_rate_death,0,0.0,,0.0
2025,parity_annual_rate_involuntary,0,0.0,,0.0
2025,parity_annual_rate_total,1,0.23071370825428433,,0.011553795067399973
2025,parity_annual_rate_voluntary,1,0.20953873146760324,,0.012392197322491312
2025,parity_annual_rate_death,1,0.02068325425406939,,0.001001076943187612
2025,parity_annual_rate_involuntary,1,0.0004917225326116914,,0.00030294695439547
2025,parity_annual_rate_total,2,0.3014400649558864,,0.012803901541427534
2025,parity_annual_rate_voluntary,2,0.2737595293662468,,0.01245575292353372
2025,parity_annual_rate_death,2,0.02762458762125019,,0.0012293300997156518
2025,parity_annual_rate_involuntary,2,5.5947968389397864e-05,,5.594796838939786e-05
2025,parity_annual_rate_total,3,0.3680853702533862,,0.007824720802090197
2025,parity_annual_rate_voluntary,3,0.32917315830900107,,0.007322275168485012
2025,parity_annual_rate_death,3,0.03891221194438519,,0.0012636866319204493
2025,parity_annual_rate_involuntary,3,0.0,,0.0
2025,parity_annual_rate_total,4,0.38311961618146917,,0.008042424746084765
2025,parity_annual_rate_voluntary,4,0.33794308544086193,,0.007631015788019114
2025,parity_annual_rate_death,4,0.045176530740607214,,0.003115706998813028
2025,parity_annual_rate_involuntary,4,0.0,,0.0
2025,parity_annual_rate_total,5,0.42698770164171157,,0.012479436870064937
2025,parity_annual_rate_voluntary,5,0.37902624809565255,,0.014949292236354876
2025,parity_annual_rate_death,5,0.047961453546058984,,0.00336278878088401
2025,parity_annual_rate_involuntary,5,0.0,,0.0
2025,parity_annual_rate_total,6,0.5357807900201399,,0.015535339765119166
2025,parity_annual_rate_voluntary,6,0.4723630937790525,,0.015466611346031344
2025,parity_annual_rate_death,6,0.06341769624108735,,0.00429516851517978
2025,parity_annual_rate_involuntary,6,0.0,,0.0
2025,parity_annual_rate_total,7,0.700345184977101,,0.03552627592435148
2025,parity_annual_rate_voluntary,7,0.6363182173001525,,0.032760733958426574
2025,parity_annual_rate_death,7,0.06402696767694846,,0.004210930250433832
2025,parity_annual_rate_involuntary,7,0.0,,0.0
2025,parity_annual_rate_total,8,1.0182392088588244,,0.05787690705954403
2025,parity_annual_rate_voluntary,8,0.9545858693165286,,0.05532110611934854
2025,parity_annual_rate_death,8,0.06365333954229568,,0.01074006573046635
2025,parity_annual_rate_involuntary,8,0.0,,0.0
2025,parity_annual_rate_total,9,1.6378565440837352,,0.1382687967033845
2025,parity_annual_rate_voluntary,9,1.5773407785625906,,0.1379446542398538
2025,parity_annual_rate_death,9,0.060515765521144724,,0.009615744885651291
2025,parity_annual_rate_involuntary,9,0.0,,0.0
2025,parity_annual_rate_total,10,2.3762314726585516,,0.20066996849570706
2025,parity_annual_rate_voluntary,10,2.326835346352224,,0.18969823700201102
2025,parity_annual_rate_death,10,0.04939612630632738,,0.017060479116441662
2025,parity_annual_rate_involuntary,10,0.0,,0.0
2025,parity_annual_rate_total,11,4.410984823789802,,0.3517541506867967
2025,parity_annual_rate_voluntary,11,4.366220778698656,,0.3499650040539179
2025,parity_annual_rate_death,11,0.0447640450911463,,0.01949428370941602
2025,parity_annual_rate_involuntary,11,0.0,,0.0
2025,parity_annual_rate_total,12,6.554615630896012,,0.40701895914044034
2025,parity_annual_rate_voluntary,12,5.9040292025314285,,0.4337837190164561
2025,parity_annual_rate_death,12,0.02788828611613422,,0.017191227377885893
2025,parity_annual_rate_involuntary,12,0.6226981422484499,,0.07745740312774606
OG,overall_reward,all,58319.41965198352,154.99891388663974,69.31762157783251
OG,overall_discounted,all,5832.490633808421,24.70391586738239,11.04792703798054
OG,annualized_reward,all,3887.9613101322343,10.333260925775983,4.621174771855501
OG,parity_reward,0,58469.04361599563,208.71661706294393,93.34090875730702
OG,parity_discounted,0,6288.905862968746,11.371886153539306,5.085662094340499
OG,parity_reward,1,58622.55033797346,149.47001283392387,66.84502185888395
OG,parity_discounted,1,6585.032505997229,33.99926612431801,15.204934047816177
OG,parity_reward,2,59078.27114569093,71.01545177367335,31.759075523758323
OG,parity_discounted,2,7013.3450129270495,28.543713497140658,12.765136741976951
OG,parity_reward,3,59579.220446772386,103.1633583962889,46.13605643225513
OG,parity_discounted,3,7210.079618902679,38.354330476965494,17.152578035597354
OG,parity_reward,4,59648.14287908338,182.48396307420543,81.60930924749697
OG,parity_discounted,4,7309.750867129827,48.283230647997016,21.59291718044451
OG,parity_reward,5,59409.5207594765,123.56921761580622,55.26183410308144
OG,parity_discounted,5,7253.9855053529855,48.702216225355066,21.78029322695743
OG,parity_reward,6,59003.42472121378,141.73168378747664,63.38433590286052
OG,parity_discounted,6,7087.161089645607,27.128181614201853,12.132091639063063
OG,parity_reward,7,58913.49150223859,267.7609260943788,119.74632649306565
OG,parity_discounted,7,6954.847766073693,26.81956032289916,11.994072001731746
OG,parity_reward,8,58753.22220229446,218.24840928154123,97.60365582694445
OG,parity_discounted,8,6739.490644574343,45.187842652272586,20.20861758540918
OG,parity_reward,9,58767.65208291666,190.52021138008482,85.20322874669974
OG,parity_discounted,9,6524.687364623597,71.17493640405702,31.830399218739185
OG,parity_reward,10,58922.3346711961,175.02063694206979,78.27160833355579
OG,parity_discounted,10,6285.793332067707,84.9339114484083,37.983599918717715
OG,parity_reward,11,58569.52089724699,84.45473969892858,37.769307797770885
OG,parity_discounted,11,6059.335285844584,102.94884070379211,46.04012120369529
OG,parity_reward,12,58384.98329326893,159.35143959474692,71.26413024926113
OG,parity_discounted,12,5887.538944822418,89.78145386875448,40.1514867938593
OG,parity_fraction,0,0.021655555555555556,,0.00013654692134352592
OG,replacement_fraction,0,0.039788143351874694,,0.009933963999703409
OG,parity_fraction,1,0.26041,,0.002023151038221518
OG,replacement_fraction,1,0.14210009683803743,,0.007411675693118444
OG,parity_fraction,2,0.2076,,0.0016262649397687286
OG,replacement_fraction,2,0.15350251585257876,,0.0032679189381379387
OG,parity_fraction,3,0.15844555555555556,,0.001241088480844114
OG,replacement_fraction,3,0.13149454204280392,,0.0029617708842912954
OG,parity_fraction,4,0.11754777777777778,,0.000915599715763484
OG,replacement_fraction,4,0.1010821250130978,,0.0027967423886003746
OG,parity_fraction,5,0.08669111111111111,,0.0008436063092096172
OG,replacement_fraction,5,0.09091777896778272,,0.001233001381193727
OG,parity_fraction,6,0.05942666666666667,,0.0008635206432011734
OG,replacement_fraction,6,0.0841002765606926,,0.0028709949328619036
OG,parity_fraction,7,0.03883444444444444,,0.0014237474460463341
OG,replacement_fraction,7,0.06840020109736739,,0.000897233016097313
OG,parity_fraction,8,0.02365888888888889,,0.0012015532642848505
OG,replacement_fraction,8,0.05417495218452528,,0.0021857100553283036
OG,parity_fraction,9,0.013405555555555556,,0.0008901050707849253
OG,replacement_fraction,9,0.04372278498677809,,0.0005719651415312818
OG,parity_fraction,10,0.007017777777777778,,0.0006338774465809227
OG,replacement_fraction,10,0.035485775280896345,,0.0023514413545325623
OG,parity_fraction,11,0.0035377777777777786,,0.0004107182807872563
OG,replacement_fraction,11,0.027384585664654328,,0.0007665754517394433
OG,parity_fraction,12,0.0017688888888888889,,0.00023478779491697456
OG,replacement_fraction,12,0.027846222158910593,,0.0008695290423845709
OG,mean_parity,all,3.1232355555555555,,0.031539124957525685
OG,mean_replacement_parity,all,4.503056759992932,,0.032816977719582106
OG,replacements_per_15yr,all,3.9160000000000004,,0.02557146847562732
OG,annual_culling_rate_total,all,0.26106666666666667,,0.0017047645650418181
OG,annual_culling_rate_voluntary,all,0.22257333333333335,,0.0015396392073758329
OG,annual_culling_rate_death,all,0.0376,,0.00046904157598234267
OG,annual_culling_rate_involuntary,all,0.0008933333333333333,,0.0001869046102516825
OG,avg_cow_lifespan_months,all,45.9652706843718,,
OG,parity_annual_rate_total,0,0.4796469665290898,,0.1197118094866132
OG,parity_annual_rate_voluntary,0,0.4796469665290898,,0.1197118094866132
OG,parity_annual_rate_death,0,0.0,,0.0
OG,parity_annual_rate_involuntary,0,0.0,,0.0
OG,parity_annual_rate_total,1,0.14244264702909745,,0.007302932001484805
OG,parity_annual_rate_voluntary,1,0.12176521051068603,,0.006666722790832282
OG,parity_annual_rate_death,1,0.020475645199221217,,0.0016309968718977556
OG,parity_annual_rate_involuntary,1,0.00020179131919022923,,0.00014594883169088922
OG,parity_annual_rate_total,2,0.19294463840295756,,0.0027614755507364406
OG,parity_annual_rate_voluntary,2,0.16481152312560626,,0.0029029861659775782
OG,parity_annual_rate_death,2,0.028069402410006807,,0.0003741829898939805
OG,parity_annual_rate_involuntary,2,6.371286734450078e-05,,6.371286734450078e-05
OG,parity_annual_rate_total,3,0.21661093920464602,,0.004234160044278723
OG,parity_annual_rate_voluntary,3,0.17846839735964598,,0.005114565620249666
OG,parity_annual_rate_death,3,0.038142541845,,0.0014600966249205239
OG,parity_annual_rate_involuntary,3,0.0,,0.0
OG,parity_annual_rate_total,4,0.22447532210306828,,0.005957608280908934
OG,parity_annual_rate_voluntary,4,0.17535548171279125,,0.005015981870318025
OG,parity_annual_rate_death,4,0.04911984039027707,,0.002116473744349014
OG,parity_annual_rate_involuntary,4,0.0,,0.0
OG,parity_annual_rate_total,5,0.27389531328993383,,0.004812562021655538
OG,parity_annual_rate_voluntary,5,0.22400012920715354,,0.0044658165976720465
OG,parity_annual_rate_death,5,0.04989518408278031,,0.002550617587807573
OG,parity_annual_rate_involuntary,5,0.0,,0.0
OG,parity_annual_rate_total,6,0.37033158405511424,,0.017413509293265586
OG,parity_annual_rate_voluntary,6,0.29949212405413694,,0.01780986160379385
OG,parity_annual_rate_death,6,0.07083946000097727,,0.0049492103055933795
OG,parity_annual_rate_involuntary,6,0.0,,0.0
OG,parity_annual_rate_total,7,0.4628944119379792,,0.021809440444692827
OG,parity_annual_rate_voluntary,7,0.3972306001642401,,0.021846777234385037
OG,parity_annual_rate_death,7,0.06566381177373908,,0.004375443870541046
OG,parity_annual_rate_involuntary,7,0.0,,0.0
OG,parity_annual_rate_total,8,0.6031658660109768,,0.03485962717853953
OG,parity_annual_rate_voluntary,8,0.5293907136973638,,0.03182732628031634
OG,parity_annual_rate_death,8,0.07377515231361302,,0.003530920475332598
OG,parity_annual_rate_involuntary,8,0.0,,0.0
OG,parity_annual_rate_total,9,0.8652413545260279,,0.05325990502491968
OG,parity_annual_rate_voluntary,9,0.7964982089372808,,0.057103659559293155
OG,parity_annual_rate_death,9,0.06874314558874703,,0.0056234565805195124
OG,parity_annual_rate_involuntary,9,0.0,,0.0
OG,parity_annual_rate_total,10,1.348245216298824,,0.10287890005982225
OG,parity_annual_rate_voluntary,10,1.2672653139084742,,0.09985111333006232
OG,parity_annual_rate_death,10,0.08097990239034991,,0.005510660362249439
OG,parity_annual_rate_involuntary,10,0.0,,0.0
OG,parity_annual_rate_total,11,2.113199893624901,,0.203725317155906
OG,parity_annual_rate_voluntary,11,2.04346299118932,,0.20696095269576906
OG,parity_annual_rate_death,11,0.0697369024355812,,0.007122144478953195
OG,parity_annual_rate_involuntary,11,0.0,,0.0
OG,parity_annual_rate_total,12,4.355935452764804,,0.46716672326614667
OG,parity_annual_rate_voluntary,12,3.8593231911327415,,0.5011650707302596
OG,parity_annual_rate_death,12,0.04184365525276329,,0.014598514793494893
OG,parity_annual_rate_involuntary,12,0.45476860637929883,,0.07012339971706552
OB,overall_reward,all,16158.975708009883,72.92755930468898,32.614196007686374
OB,overall_discounted,all,1415.9201329493674,13.010931374904178,5.818665400974108
OB,annualized_reward,all,1077.2650472006587,4.861837286979266,2.1742797338457582
OB,parity_reward,0,16628.41569515442,88.20079595830406,39.44459508647131
OB,parity_discounted,0,1962.7056762532259,14.038743067944742,6.278316763715678
OB,parity_reward,1,16690.7871105267,80.46071828229783,35.98312711953561
OB,parity_discounted,1,2048.9989365817855,10.47482549393363,4.684484371376681
OB,parity_reward,2,16670.473403336233,48.90776610004403,21.872217925471645
OB,parity_discounted,2,2176.661206052394,14.224604137383338,6.36143636084278
OB,parity_reward,3,16832.12403250024,40.90535720814915,18.293431872266503
OB,parity_discounted,3,2195.154470345931,23.26310178687647,10.403575392590522
OB,parity_reward,4,16799.531126201015,66.22918123871413,29.618590268783706
OB,parity_discounted,4,2242.6626269897583,15.06130992586317,6.735622564884473
OB,parity_reward,5,16720.48551294011,97.46514351526781,43.58773726738232
OB,parity_discounted,5,2201.583202200686,28.174731201148248,12.600122842710356
OB,parity_reward,6,16563.28485834754,77.77225136863467,34.78080816469363
OB,parity_discounted,6,2111.051298062304,30.66450348430724,13.713582857438029
OB,parity_reward,7,16517.140508425386,68.61865855088,30.687197008922976
OB,parity_discounted,7,2016.0207643716137,16.73903910542723,7.485925863552511
OB,parity_reward,8,16279.218978774952,82.61612188825906,36.94705291591111
OB,parity_discounted,8,1885.5699936110257,21.380911375472767,9.561834251291128
OB,parity_reward,9,16345.724760368295,53.974312878255446,24.1380465269243
OB,parity_discounted,9,1773.326372112871,19.38974032855244,8.67135548814247
OB,parity_reward,10,16441.80515019256,72.30521901895233,32.335876970877614
OB,parity_discounted,10,1642.7584075417212,16.61450184690449,7.430231108394848
OB,parity_reward,11,16338.217636033922,79.98966518870664,35.77246577187932
OB,parity_discounted,11,1492.425740491752,41.191440905197425,18.42137239103738
OB,parity_reward,12,16233.573917623371,31.58773662149765,14.126465268205658
OB,parity_discounted,12,1409.3140650659923,44.16908446666168,19.753015074277112
OB,parity_fraction,0,0.02033888888888889,,0.00014258417483571003
OB,replacement_fraction,0,0.002808276385914294,,0.0017069630169742108
OB,parity_fraction,1,0.26163,,0.0011906407134992401
OB,replacement_fraction,1,0.12011453080791734,,0.0026147275157253178
OB,parity_fraction,2,0.20880555555555555,,0.0007219422534274815
OB,replacement_fraction,2,0.15690530295514019,,0.0024274804699308413
OB,parity_fraction,3,0.1591788888888889,,0.0005359496014632742
OB,replacement_fraction,3,0.14130085130087827,,0.0021495168907670285
OB,parity_fraction,4,0.11833,,0.00036082296195855265
OB,replacement_fraction,4,0.11463027480222407,,0.001135339084634385
OB,parity_fraction,5,0.08609111111111109,,0.0005471322543075876
OB,replacement_fraction,5,0.09844407367018677,,0.002063537245172169
OB,parity_fraction,6,0.0589488888888889,,0.00044166631726051843
OB,replacement_fraction,6,0.09015154456536581,,0.0023443864977973385
OB,parity_fraction,7,0.037325555555555556,,0.00033520585162398795
OB,replacement_fraction,7,0.07171499993536128,,0.0017059274743043424
OB,parity_fraction,8,0.02275,,0.0006674601759054638
OB,replacement_fraction,8,0.05575292618782792,,0.0016721231961967734
OB,parity_fraction,9,0.013407777777777777,,0.0004227905531724329
OB,replacement_fraction,9,0.046519424188575215,,0.001030131544525617
OB,parity_fraction,10,0.0074555555555555555,,0.00017888543819998324
OB,replacement_fraction,10,0.038970589529419244,,0.0021421459463792838
OB,parity_fraction,11,0.0038255555555555556,,0.0003401778764915805
OB,replacement_fraction,11,0.030505549403860445,,0.0009044801106993498
OB,parity_fraction,12,0.001912222222222222,,0.00013454771057046304
OB,replacement_fraction,12,0.03218165626732918,,0.0008168279574844717
OB,mean_parity,all,3.117778888888888,,0.005232102178845176
OB,mean_replacement_parity,all,4.827628466264795,,0.03133935221584508
OB,replacements_per_15yr,all,3.6798,,0.02518015091297105
OB,annual_culling_rate_total,all,0.24531999999999998,,0.0016786767275314058
OB,annual_culling_rate_voluntary,all,0.20401333333333332,,0.004703209306184212
OB,annual_culling_rate_death,all,0.03741333333333333,,0.00044591977355175046
OB,annual_culling_rate_involuntary,all,0.0038933333333333333,,0.0033121057417365833
OB,avg_cow_lifespan_months,all,48.91570194032284,,
OB,parity_annual_rate_total,0,0.03385600372971283,,0.02057709803214075
OB,parity_annual_rate_voluntary,0,0.03385600372971283,,0.02057709803214075
OB,parity_annual_rate_death,0,0.0,,0.0
OB,parity_annual_rate_involuntary,0,0.0,,0.0
OB,parity_annual_rate_total,1,0.11270772081145763,,0.0033091501807004297
OB,parity_annual_rate_voluntary,1,0.07826504835443836,,0.014642099598572355
OB,parity_annual_rate_death,1,0.02211071633193802,,0.0006718066600024669
OB,parity_annual_rate_involuntary,1,0.01233195612508127,,0.012331956125081268
OB,parity_annual_rate_total,2,0.18435627738105217,,0.003227043230998458
OB,parity_annual_rate_voluntary,2,0.1574708758466235,,0.0033120918097926133
OB,parity_annual_rate_death,2,0.026885401534428633,,0.00106480103825262
OB,parity_annual_rate_involuntary,2,0.0,,0.0
OB,parity_annual_rate_total,3,0.21778575856082077,,0.0038563802819145806
OB,parity_annual_rate_voluntary,3,0.18116750936713494,,0.0046519024822112695
OB,parity_annual_rate_death,3,0.036618249193685865,,0.002096759954514542
OB,parity_annual_rate_involuntary,3,0.0,,0.0
OB,parity_annual_rate_total,4,0.2376384373348673,,0.002531885367812808
OB,parity_annual_rate_voluntary,4,0.19178646496760127,,0.0028037027757809568
OB,parity_annual_rate_death,4,0.04585197236726603,,0.001397346914895158
OB,parity_annual_rate_involuntary,4,0.0,,0.0
OB,parity_annual_rate_total,5,0.2806171689546554,,0.007008209349867825
OB,parity_annual_rate_voluntary,5,0.22911982160199434,,0.00466391567496293
OB,parity_annual_rate_death,5,0.05149734735266104,,0.003300826694032591
OB,parity_annual_rate_involuntary,5,0.0,,0.0
OB,parity_annual_rate_total,6,0.37504009295116364,,0.00824771954124413
OB,parity_annual_rate_voluntary,6,0.29723884778378173,,0.008139686594040404
OB,parity_annual_rate_death,6,0.0778012451673819,,0.0066075099558804
OB,parity_annual_rate_involuntary,6,0.0,,0.0
OB,parity_annual_rate_total,7,0.4716577016075396,,0.01390734306292354
OB,parity_annual_rate_voluntary,7,0.3997564535897517,,0.012717654571709609
OB,parity_annual_rate_death,7,0.0719012480177879,,0.005821956694583299
OB,parity_annual_rate_involuntary,7,0.0,,0.0
OB,parity_annual_rate_total,8,0.6019942618079765,,0.015608675482857949
OB,parity_annual_rate_voluntary,8,0.5418400656505185,,0.012659746281622372
OB,parity_annual_rate_death,8,0.060154196157458206,,0.0034207353489664233
OB,parity_annual_rate_involuntary,8,0.0,,0.0
OB,parity_annual_rate_total,9,0.8529104065773243,,0.020440820994497268
OB,parity_annual_rate_voluntary,9,0.7881794542484537,,0.01507712345817193
OB,parity_annual_rate_death,9,0.06473095232887063,,0.009138824343435863
OB,parity_annual_rate_involuntary,9,0.0,,0.0
OB,parity_annual_rate_total,10,1.2832367778445208,,0.06921988441200402
OB,parity_annual_rate_voluntary,10,1.2340464821891368,,0.059275696396288206
OB,parity_annual_rate_death,10,0.04919029565538387,,0.014271645949578962
OB,parity_annual_rate_involuntary,10,0.0,,0.0
OB,parity_annual_rate_total,11,2.001692710049553,,0.13949536407806487
OB,parity_annual_rate_voluntary,11,1.9276487651512006,,0.1380009668695982
OB,parity_annual_rate_death,11,0.07404394489835246,,0.014398937316698527
OB,parity_annual_rate_involuntary,11,0.0,,0.0
OB,parity_annual_rate_total,12,4.199226867687305,,0.27895355229985436
OB,parity_annual_rate_voluntary,12,3.7617087648614893,,0.26987504869061624
OB,parity_annual_rate_death,12,0.11294153989047011,,0.02195972607340522
OB,parity_annual_rate_involuntary,12,0.32457656293534487,,0.05585296764637771
UG,overall_reward,all,69338.03552398454,241.45473460325744,107.98184001241086
UG,overall_discounted,all,7101.743392004055,38.74817946195169,17.328712656257043
UG,annualized_reward,all,4622.535701598969,16.096982306883827,7.198789334160724
UG,parity_reward,0,70437.90979565152,123.93360472586265,55.424792972723615
UG,parity_discounted,0,8238.934411624994,29.238928543938346,13.076046362701018
UG,parity_reward,1,69242.70385910387,99.24410555021875,44.383313275290654
UG,parity_discounted,1,7465.940988172119,31.03992475792934,13.881476355041741
UG,parity_reward,2,69784.10561174735,326.53215250882795,146.02961796981356
UG,parity_discounted,2,7903.5641356731985,42.867873437000604,19.171095811198178
UG,parity_reward,3,70133.21452493824,292.323451217813,130.7310216680747
UG,parity_discounted,3,8038.408569089159,20.46276841695513,9.151228237629486
UG,parity_reward,4,70068.4685910388,339.5422045031307,151.84789009982708
UG,parity_discounted,4,8081.244521403509,33.58529239580741,15.019799368246426
UG,parity_reward,5,69814.03423089019,253.34524984100085,113.29944008422913
UG,parity_discounted,5,8010.0473366402175,48.53190545550164,21.70412793521891
UG,parity_reward,6,69647.25680176317,228.97713475546144,102.40168772126829
UG,parity_discounted,6,7835.597407790352,39.549472857590004,17.687061956770822
UG,parity_reward,7,69354.2443062835,317.7880449751549,142.11913420024135
UG,parity_discounted,7,7691.249206282887,28.04662667184159,12.542832755559296
UG,parity_reward,8,69164.05620274015,326.21829483216385,145.88925654975733
UG,parity_discounted,8,7463.318347844058,37.89496724279133,16.947144552001838
UG,parity_reward,9,69117.384779635,262.62041445378014,117.44741979956413
UG,parity_discounted,9,7248.014136088731,70.69027724928887,31.61365305554335
UG,parity_reward,10,69529.34195331528,304.16775452969256,136.02795513837242
UG,parity_discounted,10,7080.1006404162345,90.76057826377992,40.58936453500034
UG,parity_reward,11,68993.5134898796,309.4628765588279,138.39600569963306
UG,parity_discounted,11,6827.929499724865,62.65073713265969,28.018261413819467
UG,parity_reward,12,69178.62584800449,230.61066971608128,103.13222676438197
UG,parity_discounted,12,6645.236324585057,53.28556134256634,23.83002747624266
UG,parity_fraction,0,0.021677777777777775,,0.0005106066350944424
UG,replacement_fraction,0,0.0,,0.0
UG,parity_fraction,1,0.27349555555555555,,0.0049595637751223805
UG,replacement_fraction,1,0.12794967209637917,,0.005891767283671314
UG,parity_fraction,2,0.21623,,0.0023332239392345687
UG,replacement_fraction,2,0.17394302380782375,,0.0052896978074410276
UG,parity_fraction,3,0.15790666666666667,,0.0006381986609702328
UG,replacement_fraction,3,0.15284517915312595,,0.003098519996935023
UG,parity_fraction,4,0.11510111111111113,,0.0010781290950897344
UG,replacement_fraction,4,0.11545175309062879,,0.0024767674125982316
UG,parity_fraction,5,0.08145222222222223,,0.0013894561063973712
UG,replacement_fraction,5,0.09832281174896865,,0.0021155151928687684
UG,parity_fraction,6,0.05439444444444445,,0.0014252192813739228
UG,replacement_fraction,6,0.08313772533873678,,0.0014353922173903826
UG,parity_fraction,7,0.034224444444444446,,0.0010898671909123424
UG,replacement_fraction,7,0.06411906784591889,,0.0028128123575878357
UG,parity_fraction,8,0.020586666666666666,,0.0009643020248146989
UG,replacement_fraction,8,0.05112246077817317,,0.0009764936166201994
UG,parity_fraction,9,0.012155555555555555,,0.0010928245202679
UG,replacement_fraction,9,0.03933767504455511,,0.0019264702588303142
UG,parity_fraction,10,0.0069322222222222216,,0.0008530580429791152
UG,replacement_fraction,10,0.03487196582418169,,0.0029397177502149107
UG,parity_fraction,11,0.0037622222222222224,,0.0003875986533121376
UG,replacement_fraction,11,0.02878968644166773,,0.0022644896066848605
UG,parity_fraction,12,0.002081111111111111,,0.00019347855337810424
UG,replacement_fraction,12,0.030108978829840295,,0.0011613463466628223
UG,mean_parity,all,3.023052222222222,,0.044440108420431994
UG,mean_replacement_parity,all,4.625184871917243,,0.06346706207070915
UG,replacements_per_15yr,all,3.9181999999999997,,0.09314472609869007
UG,annual_culling_rate_total,all,0.26121333333333335,,0.006209648406579343
UG,annual_culling_rate_voluntary,all,0.22352,,0.00673786646086463
UG,annual_culling_rate_death,all,0.03616,,0.0007473211417382015
UG,annual_culling_rate_involuntary,all,0.0015333333333333332,,0.0004939635614091388
UG,avg_cow_lifespan_months,all,45.939461997856164,,
UG,parity_annual_rate_total,0,0.0,,0.0
UG,parity_annual_rate_voluntary,0,0.0,,0.0
UG,parity_annual_rate_death,0,0.0,,0.0
UG,parity_annual_rate_involuntary,0,0.0,,0.0
UG,parity_annual_rate_total,1,0.122303880422218,,0.00642147182366592
UG,parity_annual_rate_voluntary,1,0.10036607125749594,,0.007299963862948007
UG,parity_annual_rate_death,1,0.02112807649558119,,0.001164344580957112
UG,parity_annual_rate_involuntary,1,0.0008097326691408498,,0.0008097326691408498
UG,parity_annual_rate_total,2,0.21021966809390308,,0.00839625755806107
UG,parity_annual_rate_voluntary,2,0.18200580904352093,,0.00866214935505583
UG,parity_annual_rate_death,2,0.02821385905038218,,0.0013612509530333235
UG,parity_annual_rate_involuntary,2,0.0,,0.0
UG,parity_annual_rate_total,3,0.2532381890925637,,0.010317539953290536
UG,parity_annual_rate_voluntary,3,0.2135594408295814,,0.00959123318261824
UG,parity_annual_rate_death,3,0.039678748262982275,,0.0016553869284748957
UG,parity_annual_rate_involuntary,3,0.0,,0.0
UG,parity_annual_rate_total,4,0.2620496237034239,,0.008244822182050495
UG,parity_annual_rate_voluntary,4,0.21563368684273385,,0.010043932654519942
UG,parity_annual_rate_death,4,0.046415936860690045,,0.0023179393050361827
UG,parity_annual_rate_involuntary,4,0.0,,0.0
UG,parity_annual_rate_total,5,0.31570803957975435,,0.011553672465343721
UG,parity_annual_rate_voluntary,5,0.26724186039125186,,0.011394475016175609
UG,parity_annual_rate_death,5,0.048466179188502476,,0.0008163678692282024
UG,parity_annual_rate_involuntary,5,0.0,,0.0
UG,parity_annual_rate_total,6,0.4004004628112935,,0.015923060491263137
UG,parity_annual_rate_voluntary,6,0.3390345815526108,,0.015400789103741205
UG,parity_annual_rate_death,6,0.06136588125868277,,0.0017993647052210807
UG,parity_annual_rate_involuntary,6,0.0,,0.0
UG,parity_annual_rate_total,7,0.4885240007025307,,0.011721179028019103
UG,parity_annual_rate_voluntary,7,0.4245955036406045,,0.016811673233284363
UG,parity_annual_rate_death,7,0.06392849706192619,,0.006471472417919682
UG,parity_annual_rate_involuntary,7,0.0,,0.0
UG,parity_annual_rate_total,8,0.657340294924989,,0.04709010765387041
UG,parity_annual_rate_voluntary,8,0.5804287806897103,,0.046832626759083854
UG,parity_annual_rate_death,8,0.0769115142352789,,0.006285405646871545
UG,parity_annual_rate_involuntary,8,0.0,,0.0
UG,parity_annual_rate_total,9,0.8758277242956046,,0.09367846914786884
UG,parity_annual_rate_voluntary,9,0.8135246985232915,,0.09864414333230512
UG,parity_annual_rate_death,9,0.062303025772313295,,0.008318427847582683
UG,parity_annual_rate_involuntary,9,0.0,,0.0
UG,parity_annual_rate_total,10,1.3400266464266424,,0.07745554049653135
UG,parity_annual_rate_voluntary,10,1.2653607787176449,,0.06996161805771844
UG,parity_annual_rate_death,10,0.07466586770899712,,0.019925872353618423
UG,parity_annual_rate_involuntary,10,0.0,,0.0
UG,parity_annual_rate_total,11,2.04022567336464,,0.15943184341319755
UG,parity_annual_rate_voluntary,11,1.9660862772899474,,0.165936543193785
UG,parity_annual_rate_death,11,0.07413939607469275,,0.010827802168992021
UG,parity_annual_rate_involuntary,11,0.0,,0.0
UG,parity_annual_rate_total,12,3.850148577406473,,0.22324919094174678
UG,parity_annual_rate_voluntary,12,3.204331847104066,,0.2979038620121738
UG,parity_annual_rate_death,12,0.05089466726634301,,0.006378285714036672
UG,parity_annual_rate_involuntary,12,0.5949220630360645,,0.1293285687744291
UB,overall_reward,all,27625.512462533738,148.31223457738324,66.32724768198474
UB,overall_discounted,all,2699.472922795721,22.289510206593853,9.968172001423847
UB,annualized_reward,all,1841.7008308355826,9.887482305158882,4.421816512132316
UB,parity_reward,0,28771.65866750413,137.95174794968653,61.693897206083264
UB,parity_discounted,0,3867.11203929666,28.668656132350836,12.821012787100535
UB,parity_reward,1,27704.89076723401,127.8424982692222,57.17290330867601
UB,parity_discounted,1,2944.563410747014,19.080984835868243,8.533275834128812
UB,parity_reward,2,27719.34534428774,98.09868840445374,43.871067155185784
UB,parity_discounted,2,3018.2759124536483,26.02141594714002,11.637130985720432
UB,parity_reward,3,27799.685242980544,63.99529882597107,28.619567683056758
UB,parity_discounted,3,3050.53217301746,50.039803267108304,22.378480337194045
UB,parity_reward,4,27802.524846313572,106.25154052898495,47.51713346737686
UB,parity_discounted,4,3042.3895729157293,44.77096682327052,20.02218504704414
UB,parity_reward,5,27570.095578202036,138.03861681010383,61.73274614148747
UB,parity_discounted,5,2962.5220740106734,25.716457708754323,11.50074951545463
UB,parity_reward,6,27463.288295130413,204.8985079436281,91.63339845004661
UB,parity_discounted,6,2921.4947132324423,48.40733254143486,21.6484172344172
UB,parity_reward,7,27359.408832719237,166.52102269258683,74.47046528468184
UB,parity_discounted,7,2779.9356363898396,43.008948055978095,19.234186298784888
UB,parity_reward,8,27219.12123118816,144.31004978260793,64.53741623005801
UB,parity_discounted,8,2616.4693232869736,61.61266568899462,27.554021751112174
UB,parity_reward,9,27369.041677340883,152.55842110038117,68.2262000240981
UB,parity_discounted,9,2524.35948692934,13.72291632355089,6.137074749800258
UB,parity_reward,10,27654.09971873246,131.83677432529535,58.95919786513187
UB,parity_discounted,10,2445.8366555692246,38.91137514259427,17.40169598336727
UB,parity_reward,11,27192.67528897001,144.68963964158323,64.70717397570567
UB,parity_discounted,11,2252.8398310424213,51.03010632956802,22.821357330391276
UB,parity_reward,12,27368.013621238926,226.06077171015968,101.09745051799568
UB,parity_discounted,12,2229.0658419082984,53.40032364383683,23.88135073762168
UB,parity_fraction,0,0.02183888888888889,,0.00022325454663364104
UB,replacement_fraction,0,0.0,,0.0
UB,parity_fraction,1,0.2828511111111111,,0.003652139318938736
UB,replacement_fraction,1,0.1076323392668173,,0.0008375736262896718
UB,parity_fraction,2,0.22628555555555557,,0.0023904262495046753
UB,replacement_fraction,2,0.1648881738187535,,0.004854071792222044
UB,parity_fraction,3,0.16200555555555557,,0.0012126201098712661
UB,replacement_fraction,3,0.1700296400260653,,0.0042657682267368165
UB,parity_fraction,4,0.1132411111111111,,0.0010603554610147034
UB,replacement_fraction,4,0.1300986030557302,,0.004969185915501479
UB,parity_fraction,5,0.07752111111111112,,0.0017003915671049072
UB,replacement_fraction,5,0.09973175100740622,,0.002660817566139296
UB,parity_fraction,6,0.05040888888888889,,0.0015727036954176236
UB,replacement_fraction,6,0.08429119315319375,,0.0027806904332573
UB,parity_fraction,7,0.030496666666666665,,0.0011491725418161527
UB,replacement_fraction,7,0.06377844685093145,,0.0019167357668972694
UB,parity_fraction,8,0.017593333333333332,,0.0007890989548173456
UB,replacement_fraction,8,0.052217351663491354,,0.0025191055579443927
UB,parity_fraction,9,0.009257777777777778,,0.0006036683129821918
UB,replacement_fraction,9,0.03776332103217721,,0.0014400295604039732
UB,parity_fraction,10,0.00484,,0.0004352925793413318
UB,replacement_fraction,10,0.0319617346858556,,0.0006987795830830536
UB,parity_fraction,11,0.0024377777777777774,,0.0003642106296033236
UB,replacement_fraction,11,0.02870666352004474,,0.0012741330938835166
UB,parity_fraction,12,0.0012222222222222222,,0.00027636306412014714
UB,replacement_fraction,12,0.02890078191953336,,0.0018407363980313914
UB,mean_parity,all,2.891887777777778,,0.03601963852205152
UB,mean_replacement_parity,all,4.658555792329129,,0.03491747245006408
UB,replacements_per_15yr,all,3.9492000000000003,,0.03998549737092184
UB,annual_culling_rate_total,all,0.26327999999999996,,0.0026656998247281184
UB,annual_culling_rate_voluntary,all,0.2247866666666667,,0.002985550386630762
UB,annual_culling_rate_death,all,0.03524000000000001,,0.0007166589146867558
UB,annual_culling_rate_involuntary,all,0.003253333333333333,,0.0016014437930262245
UB,avg_cow_lifespan_months,all,45.57885141294439,,
UB,parity_annual_rate_total,0,0.0,,0.0
UB,parity_annual_rate_voluntary,0,0.0,,0.0
UB,parity_annual_rate_death,0,0.0,,0.0
UB,parity_annual_rate_involuntary,0,0.0,,0.0
UB,parity_annual_rate_total,1,0.10021501764232703,,0.0012101007632207375
UB,parity_annual_rate_voluntary,1,0.07087424383701225,,0.006432167896714067
UB,parity_annual_rate_death,1,0.02139465405907496,,0.00027136293293155984
UB,parity_annual_rate_involuntary,1,0.007946119746239825,,0.005433775325572406
UB,parity_annual_rate_total,2,0.19200857713100933,,0.006887499472664318
UB,parity_annual_rate_voluntary,2,0.16389122207786352,,0.007134594078165387
UB,parity_annual_rate_death,2,0.028117355053145797,,0.0017770740610716092
UB,parity_annual_rate_involuntary,2,0.0,,0.0
UB,parity_annual_rate_total,3,0.2764482011779871,,0.008285372931921343
UB,parity_annual_rate_voluntary,3,0.24118408798404553,,0.007574217522353175
UB,parity_annual_rate_death,3,0.035264113193941536,,0.002150778546498586
UB,parity_annual_rate_involuntary,3,0.0,,0.0
UB,parity_annual_rate_total,4,0.3030487519574432,,0.015080194428115873
UB,parity_annual_rate_voluntary,4,0.25353221043459645,,0.014084112155640068
UB,parity_annual_rate_death,4,0.04951654152284675,,0.003002744570926502
UB,parity_annual_rate_involuntary,4,0.0,,0.0
UB,parity_annual_rate_total,5,0.33919330877629755,,0.01135295828685625
UB,parity_annual_rate_voluntary,5,0.2930510109459677,,0.01238504480660425
UB,parity_annual_rate_death,5,0.046142297830329866,,0.003489973318655
UB,parity_annual_rate_involuntary,5,0.0,,0.0
UB,parity_annual_rate_total,6,0.44187712022411824,,0.019801476088305313
UB,parity_annual_rate_voluntary,6,0.36961927188537563,,0.017663112445444783
UB,parity_annual_rate_death,6,0.07225784833874263,,0.003115948236149942
UB,parity_annual_rate_involuntary,6,0.0,,0.0
UB,parity_annual_rate_total,7,0.5515891864681176,,0.011208950096339312
UB,parity_annual_rate_voluntary,7,0.4878269477571962,,0.009814344928531508
UB,parity_annual_rate_death,7,0.06376223871092146,,0.003691342949754132
UB,parity_annual_rate_involuntary,7,0.0,,0.0
UB,parity_annual_rate_total,8,0.7821618132715205,,0.024488175341309093
UB,parity_annual_rate_voluntary,8,0.7189857558651004,,0.01998014803690553
UB,parity_annual_rate_death,8,0.06317605740642017,,0.007099357168052498
UB,parity_annual_rate_involuntary,8,0.0,,0.0
UB,parity_annual_rate_total,9,1.0844163420765565,,0.050614950942401093
UB,parity_annual_rate_voluntary,9,1.0208176961835893,,0.053903072064927955
UB,parity_annual_rate_death,9,0.06359864589296733,,0.011052977690136937
UB,parity_annual_rate_involuntary,9,0.0,,0.0
UB,parity_annual_rate_total,10,1.7948664481031904,,0.16141791623933066
UB,parity_annual_rate_voluntary,10,1.7401269046902286,,0.16113042109581466
UB,parity_annual_rate_death,10,0.0547395434129618,,0.011202795886173438
UB,parity_annual_rate_involuntary,10,0.0,,0.0
UB,parity_annual_rate_total,11,3.43927182097514,,0.5676156625092852
UB,parity_annual_rate_voluntary,11,3.340149456553447,,0.5765611146090017
UB,parity_annual_rate_death,11,0.09912236442169299,,0.021895802629350498
UB,parity_annual_rate_involuntary,11,0.0,,0.0
UB,parity_annual_rate_total,12,7.201911685498139,,1.1007411305510066
UB,parity_annual_rate_voluntary,12,6.528187920584584,,1.3337234911690454
UB,parity_annual_rate_death,12,0.0989834167479289,,0.032695822394128014
UB,parity_annual_rate_involuntary,12,0.574740348165626,,0.22614735788346507
