parity,mac,mip,cm,V,Q_keep,Q_replace,cow_value,action
0,0,9,0,1971.79,1971.79,1004.68,967.11,keep
1,1,0,0,2052.73,2052.73,950.91,1101.82,keep
1,1,0,1,1752.27,1752.27,959.10,793.17,keep
1,2,0,0,2012.49,2012.49,896.00,1116.48,keep
1,2,0,1,1688.36,1688.36,923.77,764.59,keep
1,3,0,0,1954.97,1954.97,872.98,1081.99,keep
1,3,0,1,1612.46,1612.46,908.76,703.70,keep
1,4,0,0,1870.67,1870.67,864.17,1006.51,keep
1,4,0,1,1526.87,1526.87,902.76,624.11,keep
1,4,1,0,2046.66,2046.66,864.17,1182.49,keep
1,4,1,1,1731.61,1731.61,902.76,828.86,keep
1,5,0,0,1777.90,1777.90,862.20,915.71,keep
1,5,0,1,1434.90,1434.90,901.00,533.90,keep
1,5,1,0,1995.75,1995.75,862.20,1133.56,keep
1,5,1,1,1685.34,1685.34,901.00,784.34,keep
1,5,2,0,2001.16,2001.16,862.20,1138.96,keep
1,5,2,1,1690.81,1690.81,901.00,789.82,keep
1,6,0,0,1677.27,1677.27,863.61,813.66,keep
1,6,0,1,1336.71,1336.71,901.27,435.43,keep
1,6,1,0,1941.87,1941.87,863.61,1078.25,keep
1,6,1,1,1637.39,1637.39,901.27,736.12,keep
1,6,2,0,1954.28,1954.28,863.61,1090.66,keep
1,6,2,1,1649.84,1649.84,901.27,748.56,keep
1,6,3,0,1959.97,1959.97,863.61,1096.36,keep
1,6,3,1,1655.78,1655.78,901.27,754.51,keep
1,7,0,0,1569.92,1569.92,866.75,703.17,keep
1,7,0,1,1233.43,1233.43,902.55,330.88,keep
1,7,1,0,1885.99,1885.99,866.75,1019.24,keep
1,7,1,1,1588.33,1588.33,902.55,685.78,keep
1,7,2,0,1905.28,1905.28,866.75,1038.53,keep
1,7,2,1,1607.63,1607.63,902.55,705.08,keep
1,7,3,0,1918.36,1918.36,866.75,1051.62,keep
1,7,3,1,1620.92,1620.92,902.55,718.37,keep
1,7,4,0,1924.35,1924.35,866.75,1057.61,keep
1,7,4,1,1627.74,1627.74,902.55,725.19,keep
1,8,0,0,1457.35,1457.35,870.77,586.58,keep
1,8,0,1,1127.35,1127.35,904.33,223.03,keep
1,8,1,0,1829.12,1829.12,870.77,958.35,keep
1,8,1,1,1538.84,1538.84,904.33,634.52,keep
1,8,2,0,1855.13,1855.13,870.77,984.36,keep
1,8,2,1,1564.83,1564.83,904.33,660.50,keep
1,8,3,0,1875.47,1875.47,870.77,1004.70,keep
1,8,3,1,1585.34,1585.34,904.33,681.01,keep
1,8,4,0,1889.25,1889.25,870.77,1018.48,keep
1,8,4,1,1599.87,1599.87,904.33,695.54,keep
1,8,5,0,1895.51,1895.51,870.77,1024.74,keep
1,8,5,1,1608.84,1608.84,904.33,704.51,keep
1,9,0,0,1341.37,1341.37,875.25,466.12,keep
1,9,0,1,1023.53,1023.53,906.36,117.17,keep
1,9,1,0,1772.14,1772.14,875.25,896.89,keep
1,9,1,1,1489.56,1489.56,906.36,583.21,keep
1,9,2,0,1804.65,1804.65,875.25,929.40,keep
1,9,2,1,1522.03,1522.03,906.36,615.67,keep
1,9,3,0,1832.07,1832.07,875.25,956.82,keep
1,9,3,1,1549.58,1549.58,906.36,643.22,keep
1,9,4,0,1853.51,1853.51,875.25,978.26,keep
1,9,4,1,1571.69,1571.69,906.36,665.34,keep
1,9,5,0,1867.99,1867.99,875.25,992.73,keep
1,9,5,1,1588.69,1588.69,906.36,682.33,keep
1,9,6,0,1874.42,1874.42,875.25,999.16,keep
1,9,6,1,1603.82,1603.82,906.36,697.46,keep
1,10,0,0,1223.85,1223.85,879.95,343.91,keep
1,10,0,1,936.05,936.05,908.50,27.55,keep
1,10,1,0,1715.72,1715.72,879.95,835.77,keep
1,10,1,1,1440.99,1440.99,908.50,532.49,keep
1,10,2,0,1754.51,1754.51,879.95,874.56,keep
1,10,2,1,1479.71,1479.71,908.50,571.21,keep
1,10,3,0,1788.79,1788.79,879.95,908.84,keep
1,10,3,1,1514.08,1514.08,908.50,605.58,keep
1,10,4,0,1817.69,1817.69,879.95,937.74,keep
1,10,4,1,1543.59,1543.59,908.50,635.08,keep
1,10,5,0,1840.25,1840.25,879.95,960.30,keep
1,10,5,1,1568.47,1568.47,908.50,659.97,keep
1,10,6,0,1855.35,1855.35,879.95,975.40,keep
1,10,6,1,1591.74,1591.74,908.50,683.23,keep
1,10,7,0,1861.57,1861.57,879.95,981.62,keep
1,10,7,1,1625.88,1625.88,908.50,717.37,keep
1,11,0,0,1106.14,1106.14,884.72,221.42,keep
1,11,0,1,910.69,872.19,910.69,-38.50,replace
1,11,1,0,1660.39,1660.39,884.72,775.67,keep
1,11,1,1,1393.51,1393.51,910.69,482.82,keep
1,11,2,0,1705.20,1705.20,884.72,820.49,keep
1,11,2,1,1438.23,1438.23,910.69,527.54,keep
1,11,3,0,1746.10,1746.10,884.72,861.38,keep
1,11,3,1,1479.19,1479.19,910.69,568.49,keep
1,11,4,0,1782.24,1782.24,884.72,897.52,keep
1,11,4,1,1515.86,1515.86,910.69,605.17,keep
1,11,5,0,1812.67,1812.67,884.72,927.95,keep
1,11,5,1,1548.44,1548.44,910.69,637.75,keep
1,11,6,0,1836.30,1836.30,884.72,951.58,keep
1,11,6,1,1579.70,1579.70,910.69,669.01,keep
1,11,7,0,1851.70,1851.70,884.72,966.99,keep
1,11,7,1,1621.34,1621.34,910.69,710.65,keep
1,11,8,0,1856.47,1856.47,980.02,876.45,keep
1,11,8,1,1715.56,1715.56,954.53,761.03,keep
1,12,0,0,1070.64,1070.64,889.47,181.17,keep
1,12,0,1,912.88,851.37,912.88,-61.50,replace
1,12,2,0,1657.10,1657.10,889.47,767.63,keep
1,12,2,1,1397.87,1397.87,912.88,485.00,keep
1,12,3,0,1704.36,1704.36,889.47,814.89,keep
1,12,3,1,1445.15,1445.15,912.88,532.27,keep
1,12,4,0,1747.47,1747.47,889.47,858.00,keep
1,12,4,1,1488.73,1488.73,912.88,575.86,keep
1,12,5,0,1785.54,1785.54,889.47,896.07,keep
1,12,5,1,1528.77,1528.77,912.88,615.90,keep
1,12,6,0,1817.48,1817.48,889.47,928.01,keep
1,12,6,1,1567.83,1567.83,912.88,654.95,keep
1,12,7,0,1841.91,1841.91,889.47,952.44,keep
1,12,7,1,1616.85,1616.85,912.88,703.97,keep
1,12,8,0,1856.47,1856.47,980.02,876.45,keep
1,12,8,1,1715.55,1715.55,954.53,761.03,keep
1,12,9,0,2068.94,2068.94,980.02,1088.92,keep
1,12,9,1,1876.45,1876.45,954.53,921.92,keep
1,13,0,0,1042.94,1042.94,894.15,148.79,keep
1,13,0,1,915.03,835.66,915.03,-79.36,replace
1,13,3,0,1663.81,1663.81,894.15,769.66,keep
1,13,3,1,1412.15,1412.15,915.03,497.13,keep
1,13,4,0,1713.63,1713.63,894.15,819.48,keep
1,13,4,1,1462.38,1462.38,915.03,547.35,keep
1,13,5,0,1759.05,1759.05,894.15,864.91,keep
1,13,5,1,1509.61,1509.61,915.03,594.59,keep
1,13,6,0,1799.06,1799.06,894.15,904.91,keep
1,13,6,1,1556.22,1556.22,915.03,641.19,keep
1,13,7,0,1832.29,1832.29,894.15,938.14,keep
1,13,7,1,1612.43,1612.43,915.03,697.41,keep
1,13,8,0,1856.46,1856.46,980.01,876.45,keep
1,13,8,1,1715.55,1715.55,954.52,761.03,keep
1,13,9,0,2068.93,2068.93,980.01,1088.92,keep
1,13,9,1,1876.44,1876.44,954.52,921.92,keep
1,14,0,0,1023.44,1023.44,898.71,124.73,keep
1,14,0,1,917.13,825.32,917.13,-91.81,replace
1,14,4,0,1680.87,1680.87,898.71,782.16,keep
1,14,4,1,1436.90,1436.90,917.13,519.78,keep
1,14,5,0,1733.37,1733.37,898.71,834.66,keep
1,14,5,1,1491.05,1491.05,917.13,573.92,keep
1,14,6,0,1781.15,1781.15,898.71,882.44,keep
1,14,6,1,1544.94,1544.94,917.13,627.82,keep
1,14,7,0,1822.90,1822.90,898.71,924.19,keep
1,14,7,1,1608.13,1608.13,917.13,691.01,keep
1,14,8,0,1856.46,1856.46,980.01,876.45,keep
1,14,8,1,1715.55,1715.55,954.52,761.03,keep
1,14,9,0,2068.93,2068.93,980.01,1088.92,keep
1,14,9,1,1876.44,1876.44,954.52,921.92,keep
1,15,0,0,1012.52,1012.52,903.14,109.38,keep
1,15,0,1,919.16,820.56,919.16,-98.60,replace
1,15,5,0,1708.58,1708.58,903.14,805.44,keep
1,15,5,1,1473.16,1473.16,919.16,553.99,keep
1,15,6,0,1763.83,1763.83,903.14,860.69,keep
1,15,6,1,1534.05,1534.05,919.16,614.89,keep
1,15,7,0,1813.81,1813.81,903.14,910.67,keep
1,15,7,1,1603.96,1603.96,919.16,684.80,keep
1,15,8,0,1856.46,1856.46,980.01,876.45,keep
1,15,8,1,1715.55,1715.55,954.52,761.03,keep
1,15,9,0,2068.93,2068.93,980.01,1088.92,keep
1,15,9,1,1876.44,1876.44,954.52,921.92,keep
1,16,0,0,1010.51,1010.51,907.41,103.10,keep
1,16,0,1,921.13,821.61,921.13,-99.51,replace
1,16,6,0,1747.16,1747.16,907.41,839.75,keep
1,16,6,1,1523.57,1523.57,921.13,602.44,keep
1,16,7,0,1805.04,1805.04,907.41,897.63,keep
1,16,7,1,1599.94,1599.94,921.13,678.82,keep
1,16,8,0,1856.46,1856.46,980.01,876.45,keep
1,16,8,1,1715.55,1715.55,954.52,761.03,keep
1,16,9,0,2068.93,2068.93,980.01,1088.92,keep
1,16,9,1,1876.44,1876.44,954.52,921.92,keep
1,17,0,0,1017.74,1017.74,911.51,106.23,keep
1,17,0,1,923.01,828.69,923.01,-94.32,replace
1,17,7,0,1796.62,1796.62,911.51,885.11,keep
1,17,7,1,1596.08,1596.08,923.01,673.07,keep
1,17,8,0,1856.46,1856.46,980.01,876.45,keep
1,17,8,1,1715.55,1715.55,954.52,761.03,keep
1,17,9,0,2068.93,2068.93,980.01,1088.92,keep
1,17,9,1,1876.44,1876.44,954.52,921.92,keep
1,18,0,0,1034.55,1034.55,915.44,119.11,keep
1,18,0,1,924.82,842.00,924.82,-82.82,replace
1,18,8,0,1856.46,1856.46,980.01,876.45,keep
1,18,8,1,1715.55,1715.55,954.52,761.03,keep
1,18,9,0,2068.93,2068.93,980.01,1088.92,keep
1,18,9,1,1876.44,1876.44,954.52,921.92,keep
1,19,0,0,1061.28,1061.28,919.19,142.09,keep
1,19,0,1,926.55,886.74,926.55,-39.81,replace
1,19,9,0,2068.93,2068.93,980.01,1088.92,keep
1,19,9,1,1876.44,1876.44,954.52,921.92,keep
1,20,0,0,1096.70,1096.70,922.76,173.94,keep
1,20,0,1,1006.50,1006.50,928.19,78.31,keep
2,1,0,0,2190.98,2190.98,985.29,1205.70,keep
2,1,0,1,1834.84,1834.84,1001.99,832.85,keep
2,2,0,0,2089.94,2089.94,921.95,1167.99,keep
2,2,0,1,1713.19,1713.19,961.87,751.32,keep
2,3,0,0,1973.50,1973.50,899.66,1073.84,keep
2,3,0,1,1581.67,1581.67,946.79,634.88,keep
2,4,0,0,1817.50,1817.50,894.85,922.65,keep
2,4,0,1,1435.40,1435.40,942.46,492.94,keep
2,4,1,0,2091.65,2091.65,894.85,1196.80,keep
2,4,1,1,1745.05,1745.05,942.46,802.60,keep
2,5,0,0,1664.38,1664.38,897.93,766.45,keep
2,5,0,1,1294.95,1294.95,942.95,352.00,keep
2,5,1,0,1985.37,1985.37,897.93,1087.44,keep
2,5,1,1,1652.61,1652.61,942.95,709.66,keep
2,5,2,0,2011.19,2011.19,897.93,1113.26,keep
2,5,2,1,1678.38,1678.38,942.95,735.43,keep
2,6,0,0,1517.19,1517.19,904.53,612.67,keep
2,6,0,1,1163.51,1163.51,945.57,217.94,keep
2,6,1,0,1881.83,1881.83,904.53,977.31,keep
2,6,1,1,1563.53,1563.53,945.57,617.96,keep
2,6,2,0,1918.36,1918.36,904.53,1013.83,keep
2,6,2,1,1599.96,1599.96,945.57,654.39,keep
2,6,3,0,1945.60,1945.60,904.53,1041.07,keep
2,6,3,1,1627.29,1627.29,945.57,681.72,keep
2,7,0,0,1379.39,1379.39,912.57,466.83,keep
2,7,0,1,1047.43,1047.43,949.09,98.35,keep
2,7,1,0,1782.06,1782.06,912.57,869.49,keep
2,7,1,1,1478.33,1478.33,949.09,529.24,keep
2,7,2,0,1828.58,1828.58,912.57,916.01,keep
2,7,2,1,1524.70,1524.70,949.09,575.61,keep
2,7,3,0,1867.11,1867.11,912.57,954.54,keep
2,7,3,1,1563.26,1563.26,949.09,614.17,keep
2,7,4,0,1895.83,1895.83,912.57,983.26,keep
2,7,4,1,1592.55,1592.55,949.09,643.47,keep
2,8,0,0,1254.37,1254.37,921.07,333.30,keep
2,8,0,1,962.32,962.32,952.92,9.40,keep
2,8,1,0,1686.90,1686.90,921.07,765.84,keep
2,8,1,1,1397.50,1397.50,952.92,444.58,keep
2,8,2,0,1742.70,1742.70,921.07,821.64,keep
2,8,2,1,1453.11,1453.11,952.92,500.19,keep
2,8,3,0,1791.78,1791.78,921.07,870.72,keep
2,8,3,1,1502.15,1502.15,952.92,549.23,keep
2,8,4,0,1832.42,1832.42,921.07,911.36,keep
2,8,4,1,1543.24,1543.24,952.92,590.32,keep
2,8,5,0,1862.66,1862.66,921.07,941.60,keep
2,8,5,1,1575.64,1575.64,952.92,622.72,keep
2,9,0,0,1144.12,1144.12,929.54,214.58,keep
2,9,0,1,956.78,890.92,956.78,-65.86,replace
2,9,1,0,1596.97,1596.97,929.54,667.43,keep
2,9,1,1,1321.40,1321.40,956.78,364.61,keep
2,9,2,0,1661.35,1661.35,929.54,731.81,keep
2,9,2,1,1385.55,1385.55,956.78,428.76,keep
2,9,3,0,1720.22,1720.22,929.54,790.68,keep
2,9,3,1,1444.32,1444.32,956.78,487.53,keep
2,9,4,0,1771.99,1771.99,929.54,842.45,keep
2,9,4,1,1496.42,1496.42,956.78,539.64,keep
2,9,5,0,1814.82,1814.82,929.54,885.28,keep
2,9,5,1,1541.13,1541.13,956.78,584.34,keep
2,9,6,0,1846.52,1846.52,929.54,916.98,keep
2,9,6,1,1580.20,1580.20,956.78,623.42,keep
2,10,0,0,1052.02,1052.02,937.74,114.28,keep
2,10,0,1,960.54,832.76,960.54,-127.78,replace
2,10,1,0,1512.58,1512.58,937.74,574.84,keep
2,10,1,1,1250.19,1250.19,960.54,289.65,keep
2,10,2,0,1584.89,1584.89,937.74,647.14,keep
2,10,2,1,1322.22,1322.22,960.54,361.68,keep
2,10,3,0,1652.82,1652.82,937.74,715.08,keep
2,10,3,1,1389.99,1389.99,960.54,429.45,keep
2,10,4,0,1714.92,1714.92,937.74,777.18,keep
2,10,4,1,1452.33,1452.33,960.54,491.79,keep
2,10,5,0,1769.49,1769.49,937.74,831.75,keep
2,10,5,1,1508.51,1508.51,960.54,547.97,keep
2,10,6,0,1814.49,1814.49,937.74,876.75,keep
2,10,6,1,1560.08,1560.08,960.54,599.53,keep
2,10,7,0,1847.28,1847.28,937.74,909.54,keep
2,10,7,1,1617.32,1617.32,960.54,656.77,keep
2,11,0,0,981.48,981.48,945.54,35.93,keep
2,11,0,1,964.12,807.00,964.12,-157.12,replace
2,11,1,0,1433.87,1433.87,945.54,488.33,keep
2,11,1,1,1183.92,1183.92,964.12,219.80,keep
2,11,2,0,1513.46,1513.46,945.54,567.91,keep
2,11,2,1,1263.20,1263.20,964.12,299.08,keep
2,11,3,0,1589.74,1589.74,945.54,644.20,keep
2,11,3,1,1339.28,1339.28,964.12,375.15,keep
2,11,4,0,1661.41,1661.41,945.54,715.86,keep
2,11,4,1,1411.08,1411.08,964.12,446.95,keep
2,11,5,0,1726.89,1726.89,945.54,781.34,keep
2,11,5,1,1477.92,1477.92,964.12,513.80,keep
2,11,6,0,1784.30,1784.30,945.54,838.76,keep
2,11,6,1,1541.13,1541.13,964.12,577.01,keep
2,11,7,0,1831.19,1831.19,945.54,885.65,keep
2,11,7,1,1609.94,1609.94,964.12,645.81,keep
2,11,8,0,1863.61,1863.61,1032.91,830.70,keep
2,11,8,1,1722.77,1722.77,1004.31,718.46,keep
2,12,0,0,963.24,963.24,952.89,10.35,keep
2,12,0,1,967.50,798.98,967.50,-168.52,replace
2,12,2,0,1447.07,1447.07,952.89,494.19,keep
2,12,2,1,1208.44,1208.44,967.50,240.94,keep
2,12,3,0,1531.04,1531.04,952.89,578.15,keep
2,12,3,1,1292.15,1292.15,967.50,324.65,keep
2,12,4,0,1611.52,1611.52,952.89,658.63,keep
2,12,4,1,1372.68,1372.68,967.50,405.18,keep
2,12,5,0,1687.10,1687.10,952.89,734.21,keep
2,12,5,1,1449.38,1449.38,967.50,481.89,keep
2,12,6,0,1756.04,1756.04,952.89,803.15,keep
2,12,6,1,1523.42,1523.42,967.50,555.92,keep
2,12,7,0,1816.09,1816.09,952.89,863.20,keep
2,12,7,1,1603.01,1603.01,967.50,635.51,keep
2,12,8,0,1863.60,1863.60,1032.90,830.70,keep
2,12,8,1,1722.76,1722.76,1004.31,718.46,keep
2,12,9,0,2088.40,2088.40,1032.90,1055.50,keep
2,12,9,1,1894.66,1894.66,1004.31,890.35,keep
2,13,0,0,959.75,955.10,959.75,-4.65,replace
2,13,0,1,970.65,797.41,970.65,-173.24,replace
2,13,3,0,1476.64,1476.64,959.75,516.90,keep
2,13,3,1,1248.54,1248.54,970.65,277.88,keep
2,13,4,0,1565.23,1565.23,959.75,605.49,keep
2,13,4,1,1337.09,1337.09,970.65,366.44,keep
2,13,5,0,1650.12,1650.12,959.75,690.37,keep
2,13,5,1,1422.89,1422.89,970.65,452.24,keep
2,13,6,0,1729.73,1729.73,959.75,769.98,keep
2,13,6,1,1506.94,1506.94,970.65,536.29,keep
2,13,7,0,1801.99,1801.99,959.75,842.25,keep
2,13,7,1,1596.56,1596.56,970.65,625.90,keep
2,13,8,0,1863.60,1863.60,1032.90,830.70,keep
2,13,8,1,1722.76,1722.76,1004.30,718.46,keep
2,13,9,0,2088.40,2088.40,1032.90,1055.50,keep
2,13,9,1,1894.66,1894.66,1004.30,890.35,keep
2,14,0,0,966.12,947.52,966.12,-18.60,replace
2,14,0,1,973.58,795.94,973.58,-177.65,replace
2,14,4,0,1522.44,1522.44,966.12,556.32,keep
2,14,4,1,1304.22,1304.22,973.58,330.64,keep
2,14,5,0,1615.88,1615.88,966.12,649.76,keep
2,14,5,1,1398.39,1398.39,973.58,424.81,keep
2,14,6,0,1705.33,1705.33,966.12,739.21,keep
2,14,6,1,1491.68,1491.68,973.58,518.09,keep
2,14,7,0,1788.91,1788.91,966.12,822.78,keep
2,14,7,1,1590.56,1590.56,973.58,616.98,keep
2,14,8,0,1863.60,1863.60,1032.90,830.70,keep
2,14,8,1,1722.76,1722.76,1004.30,718.46,keep
2,14,9,0,2088.40,2088.40,1032.90,1055.50,keep
2,14,9,1,1894.66,1894.66,1004.30,890.35,keep
2,15,0,0,972.02,940.50,972.02,-31.52,replace
2,15,0,1,976.30,794.56,976.30,-181.74,replace
2,15,5,0,1584.31,1584.31,972.02,612.28,keep
2,15,5,1,1375.81,1375.81,976.30,399.51,keep
2,15,6,0,1682.80,1682.80,972.02,710.78,keep
2,15,6,1,1477.58,1477.58,976.30,501.29,keep
2,15,7,0,1776.80,1776.80,972.02,804.78,keep
2,15,7,1,1585.02,1585.02,976.30,608.72,keep
2,15,8,0,1863.60,1863.60,1032.90,830.70,keep
2,15,8,1,1722.76,1722.76,1004.30,718.45,keep
2,15,9,0,2088.40,2088.40,1032.90,1055.50,keep
2,15,9,1,1894.65,1894.65,1004.30,890.35,keep
2,16,0,0,977.46,934.01,977.46,-43.45,replace
2,16,0,1,978.80,793.28,978.80,-185.52,replace
2,16,6,0,1662.04,1662.04,977.46,684.58,keep
2,16,6,1,1464.61,1464.61,978.80,485.81,keep
2,16,7,0,1765.64,1765.64,977.46,788.18,keep
2,16,7,1,1579.90,1579.90,978.80,601.10,keep
2,16,8,0,1863.60,1863.60,1032.90,830.70,keep
2,16,8,1,1722.76,1722.76,1004.30,718.45,keep
2,16,9,0,2088.40,2088.40,1032.90,1055.50,keep
2,16,9,1,1894.65,1894.65,1004.30,890.35,keep
2,17,0,0,982.46,928.03,982.46,-54.44,replace
2,17,0,1,981.10,792.10,981.10,-189.00,replace
2,17,7,0,1755.37,1755.37,982.46,772.90,keep
2,17,7,1,1575.20,1575.20,981.10,594.10,keep
2,17,8,0,1863.60,1863.60,1032.90,830.70,keep
2,17,8,1,1722.76,1722.76,1004.30,718.45,keep
2,17,9,0,2088.40,2088.40,1032.90,1055.50,keep
2,17,9,1,1894.65,1894.65,1004.30,890.35,keep
2,18,0,0,987.06,952.71,987.06,-34.35,replace
2,18,0,1,983.21,811.11,983.21,-172.11,replace
2,18,8,0,1863.60,1863.60,1032.90,830.70,keep
2,18,8,1,1722.76,1722.76,1004.30,718.45,keep
2,18,9,0,2088.40,2088.40,1032.90,1055.50,keep
2,18,9,1,1894.65,1894.65,1004.30,890.35,keep
2,19,0,0,1023.98,1023.98,991.26,32.72,keep
2,19,0,1,985.15,876.65,985.15,-108.50,replace
2,19,9,0,2088.40,2088.40,1032.90,1055.50,keep
2,19,9,1,1894.65,1894.65,1004.30,890.35,keep
2,20,0,0,1109.17,1109.17,995.11,114.06,keep
2,20,0,1,1037.02,1037.02,986.92,50.10,keep
3,1,0,0,2224.92,2224.92,1024.89,1200.02,keep
3,1,0,1,1860.03,1860.03,1041.93,818.11,keep
3,2,0,0,2120.69,2120.69,954.79,1165.90,keep
3,2,0,1,1730.65,1730.65,997.99,732.66,keep
3,3,0,0,1993.08,1993.08,930.46,1062.62,keep
3,3,0,1,1587.50,1587.50,981.66,605.84,keep
3,4,0,0,1822.18,1822.18,925.72,896.46,keep
3,4,0,1,1429.08,1429.08,977.22,451.85,keep
3,4,1,0,2116.36,2116.36,925.72,1190.64,keep
3,4,1,1,1757.55,1757.55,977.22,780.32,keep
3,5,0,0,1657.25,1657.25,929.83,727.42,keep
3,5,0,1,1280.59,1280.59,978.13,302.46,keep
3,5,1,0,1994.35,1994.35,929.83,1064.52,keep
3,5,1,1,1651.53,1651.53,978.13,673.40,keep
3,5,2,0,2026.23,2026.23,929.83,1096.40,keep
3,5,2,1,1683.26,1683.26,978.13,705.14,keep
3,6,0,0,1502.94,1502.94,937.84,565.10,keep
3,6,0,1,1147.33,1147.33,981.37,165.96,keep
3,6,1,0,1875.81,1875.81,937.84,937.97,keep
3,6,1,1,1549.76,1549.76,981.37,568.38,keep
3,6,2,0,1919.56,1919.56,937.84,981.71,keep
3,6,2,1,1593.28,1593.28,981.37,611.91,keep
3,6,3,0,1953.22,1953.22,937.84,1015.38,keep
3,6,3,1,1626.91,1626.91,981.37,645.54,keep
3,7,0,0,1363.57,1363.57,947.40,416.17,keep
3,7,0,1,1040.14,1040.14,985.58,54.56,keep
3,7,1,0,1762.23,1762.23,947.40,814.82,keep
3,7,1,1,1453.01,1453.01,985.58,467.43,keep
3,7,2,0,1816.95,1816.95,947.40,869.54,keep
3,7,2,1,1507.45,1507.45,985.58,521.86,keep
3,7,3,0,1863.14,1863.14,947.40,915.74,keep
3,7,3,1,1553.52,1553.52,985.58,567.94,keep
3,7,4,0,1898.67,1898.67,947.40,951.27,keep
3,7,4,1,1589.41,1589.41,985.58,603.83,keep
3,8,0,0,1241.98,1241.98,957.40,284.59,keep
3,8,0,1,990.09,960.54,990.09,-29.55,replace
3,8,1,0,1654.68,1654.68,957.40,697.29,keep
3,8,1,1,1361.92,1361.92,990.09,371.83,keep
3,8,2,0,1719.50,1719.50,957.40,762.10,keep
3,8,2,1,1426.39,1426.39,990.09,436.30,keep
3,8,3,0,1777.29,1777.29,957.40,819.89,keep
3,8,3,1,1483.97,1483.97,990.09,493.88,keep
3,8,4,0,1826.06,1826.06,957.40,868.67,keep
3,8,4,1,1532.97,1532.97,990.09,542.87,keep
3,8,5,0,1863.50,1863.50,957.40,906.10,keep
3,8,5,1,1572.18,1572.18,990.09,582.09,keep
3,9,0,0,1140.33,1140.33,967.26,173.07,keep
3,9,0,1,994.59,895.74,994.59,-98.85,replace
3,9,1,0,1553.86,1553.86,967.26,586.60,keep
3,9,1,1,1276.87,1276.87,994.59,282.28,keep
3,9,2,0,1627.92,1627.92,967.26,660.66,keep
3,9,2,1,1350.53,1350.53,994.59,355.93,keep
3,9,3,0,1696.38,1696.38,967.26,729.12,keep
3,9,3,1,1418.69,1418.69,994.59,424.10,keep
3,9,4,0,1757.40,1757.40,967.26,790.14,keep
3,9,4,1,1479.81,1479.81,994.59,485.21,keep
3,9,5,0,1808.84,1808.84,967.26,841.58,keep
3,9,5,1,1532.72,1532.72,994.59,538.13,keep
3,9,6,0,1848.07,1848.07,967.26,880.81,keep
3,9,6,1,1578.67,1578.67,994.59,584.07,keep
3,10,0,0,1062.47,1062.47,976.72,85.75,keep
3,10,0,1,998.93,848.09,998.93,-150.84,replace
3,10,1,0,1460.08,1460.08,976.72,483.36,keep
3,10,1,1,1198.00,1198.00,998.93,199.07,keep
3,10,2,0,1542.59,1542.59,976.72,565.87,keep
3,10,2,1,1280.05,1280.05,998.93,281.12,keep
3,10,3,0,1620.81,1620.81,976.72,644.09,keep
3,10,3,1,1357.91,1357.91,998.93,358.98,keep
3,10,4,0,1693.10,1693.10,976.72,716.38,keep
3,10,4,1,1430.17,1430.17,998.93,431.24,keep
3,10,5,0,1757.48,1757.48,976.72,780.76,keep
3,10,5,1,1495.75,1495.75,998.93,496.82,keep
3,10,6,0,1811.53,1811.53,976.72,834.81,keep
3,10,6,1,1555.67,1555.67,998.93,556.74,keep
3,10,7,0,1851.88,1851.88,976.72,875.16,keep
3,10,7,1,1619.93,1619.93,998.93,621.00,keep
3,11,0,0,1011.92,1011.92,985.64,26.28,keep
3,11,0,1,1003.03,835.58,1003.03,-167.44,replace
3,11,1,0,1373.40,1373.40,985.64,387.76,keep
3,11,1,1,1125.27,1125.27,1003.03,122.24,keep
3,11,2,0,1463.60,1463.60,985.64,477.96,keep
3,11,2,1,1214.96,1214.96,1003.03,211.93,keep
3,11,3,0,1550.74,1550.74,985.64,565.10,keep
3,11,3,1,1301.68,1301.68,1003.03,298.65,keep
3,11,4,0,1633.35,1633.35,985.64,647.71,keep
3,11,4,1,1384.15,1384.15,1003.03,381.12,keep
3,11,5,0,1709.64,1709.64,985.64,724.00,keep
3,11,5,1,1461.38,1461.38,1003.03,458.36,keep
3,11,6,0,1777.40,1777.40,985.64,791.76,keep
3,11,6,1,1534.22,1534.22,1003.03,531.20,keep
3,11,7,0,1833.52,1833.52,985.64,847.88,keep
3,11,7,1,1611.52,1611.52,1003.03,608.50,keep
3,11,8,0,1872.36,1872.36,1075.40,796.96,keep
3,11,8,1,1734.06,1734.06,1044.32,689.74,keep
3,12,0,0,998.16,998.16,993.96,4.20,keep
3,12,0,1,1006.85,831.09,1006.85,-175.76,replace
3,12,2,0,1390.87,1390.87,993.96,396.91,keep
3,12,2,1,1155.13,1155.13,1006.85,148.29,keep
3,12,3,0,1486.13,1486.13,993.96,492.18,keep
3,12,3,1,1249.91,1249.91,1006.85,243.07,keep
3,12,4,0,1578.17,1578.17,993.96,584.21,keep
3,12,4,1,1341.71,1341.71,1006.85,334.86,keep
3,12,5,0,1665.37,1665.37,993.96,671.41,keep
3,12,5,1,1429.62,1429.62,1006.85,422.77,keep
3,12,6,0,1745.73,1745.73,993.96,751.77,keep
3,12,6,1,1514.35,1514.35,1006.85,507.50,keep
3,12,7,0,1816.44,1816.44,993.96,822.48,keep
3,12,7,1,1603.71,1603.71,1006.85,596.86,keep
3,12,8,0,1872.35,1872.35,1075.39,796.96,keep
3,12,8,1,1734.05,1734.05,1044.31,689.74,keep
3,12,9,0,2110.02,2110.02,1075.39,1034.62,keep
3,12,9,1,1918.70,1918.70,1044.31,874.39,keep
3,13,0,0,1001.66,988.91,1001.66,-12.74,replace
3,13,0,1,1010.39,829.28,1010.39,-181.10,replace
3,13,3,0,1426.84,1426.84,1001.66,425.18,keep
3,13,3,1,1202.47,1202.47,1010.39,192.08,keep
3,13,4,0,1527.45,1527.45,1001.66,525.79,keep
3,13,4,1,1302.76,1302.76,1010.39,292.37,keep
3,13,5,0,1624.61,1624.61,1001.66,622.95,keep
3,13,5,1,1400.41,1400.41,1010.39,390.02,keep
3,13,6,0,1716.52,1716.52,1001.66,714.87,keep
3,13,6,1,1496.03,1496.03,1010.39,485.64,keep
3,13,7,0,1800.65,1800.65,1001.66,798.99,keep
3,13,7,1,1596.49,1596.49,1010.39,586.10,keep
3,13,8,0,1872.35,1872.35,1075.39,796.96,keep
3,13,8,1,1734.05,1734.05,1044.31,689.74,keep
3,13,9,0,2110.02,2110.02,1075.39,1034.62,keep
3,13,9,1,1918.69,1918.69,1044.31,874.39,keep
3,14,0,0,1008.74,980.39,1008.74,-28.36,replace
3,14,0,1,1013.65,827.61,1013.65,-186.04,replace
3,14,4,0,1481.02,1481.02,1008.74,472.28,keep
3,14,4,1,1267.14,1267.14,1013.65,253.49,keep
3,14,5,0,1587.25,1587.25,1008.74,578.51,keep
3,14,5,1,1373.66,1373.66,1013.65,360.02,keep
3,14,6,0,1689.71,1689.71,1008.74,680.97,keep
3,14,6,1,1479.23,1479.23,1013.65,465.58,keep
3,14,7,0,1786.12,1786.12,1008.74,777.38,keep
3,14,7,1,1589.85,1589.85,1013.65,576.20,keep
3,14,8,0,1872.35,1872.35,1075.39,796.96,keep
3,14,8,1,1734.05,1734.05,1044.31,689.74,keep
3,14,9,0,2110.01,2110.01,1075.39,1034.62,keep
3,14,9,1,1918.69,1918.69,1044.31,874.39,keep
3,15,0,0,1015.23,972.56,1015.23,-42.68,replace
3,15,0,1,1016.63,826.06,1016.63,-190.57,replace
3,15,5,0,1553.12,1553.12,1015.23,537.89,keep
3,15,5,1,1349.25,1349.25,1016.63,332.61,keep
3,15,6,0,1665.18,1665.18,1015.23,649.95,keep
3,15,6,1,1463.86,1463.86,1016.63,447.23,keep
3,15,7,0,1772.82,1772.82,1015.23,757.59,keep
3,15,7,1,1583.76,1583.76,1016.63,567.13,keep
3,15,8,0,1872.35,1872.35,1075.39,796.96,keep
3,15,8,1,1734.05,1734.05,1044.31,689.74,keep
3,15,9,0,2110.01,2110.01,1075.39,1034.62,keep
3,15,9,1,1918.69,1918.69,1044.31,874.39,keep
3,16,0,0,1021.16,965.40,1021.16,-55.76,replace
3,16,0,1,1019.36,824.63,1019.36,-194.73,replace
3,16,6,0,1642.81,1642.81,1021.16,621.65,keep
3,16,6,1,1449.86,1449.86,1019.36,430.50,keep
3,16,7,0,1760.67,1760.67,1021.16,739.51,keep
3,16,7,1,1578.21,1578.21,1019.36,558.85,keep
3,16,8,0,1872.35,1872.35,1075.39,796.96,keep
3,16,8,1,1734.04,1734.04,1044.31,689.74,keep
3,16,9,0,2110.01,2110.01,1075.39,1034.62,keep
3,16,9,1,1918.69,1918.69,1044.31,874.39,keep
3,17,0,0,1026.56,958.87,1026.56,-67.69,replace
3,17,0,1,1021.84,823.33,1021.84,-198.52,replace
3,17,7,0,1749.61,1749.61,1026.56,723.05,keep
3,17,7,1,1573.15,1573.15,1021.84,551.31,keep
3,17,8,0,1872.35,1872.35,1075.39,796.96,keep
3,17,8,1,1734.04,1734.04,1044.31,689.74,keep
3,17,9,0,2110.01,2110.01,1075.39,1034.62,keep
3,17,9,1,1918.69,1918.69,1044.31,874.39,keep
3,18,0,0,1031.46,961.60,1031.46,-69.86,replace
3,18,0,1,1024.10,828.01,1024.10,-196.09,replace
3,18,8,0,1872.35,1872.35,1075.39,796.96,keep
3,18,8,1,1734.04,1734.04,1044.31,689.74,keep
3,18,9,0,2110.01,2110.01,1075.39,1034.62,keep
3,18,9,1,1918.69,1918.69,1044.31,874.39,keep
3,19,0,0,1045.49,1045.49,1035.90,9.59,keep
3,19,0,1,1026.14,901.08,1026.14,-125.07,replace
3,19,9,0,2110.01,2110.01,1075.39,1034.62,keep
3,19,9,1,1918.69,1918.69,1044.31,874.39,keep
3,20,0,0,1146.11,1146.11,1039.92,106.18,keep
3,20,0,1,1073.25,1073.25,1027.99,45.26,keep
4,1,0,0,2263.86,2263.86,1021.77,1242.09,keep
4,1,0,1,1891.62,1891.62,1040.49,851.13,keep
4,2,0,0,2153.53,2153.53,949.97,1203.55,keep
4,2,0,1,1755.98,1755.98,995.77,760.21,keep
4,3,0,0,2018.00,2018.00,925.12,1092.87,keep
4,3,0,1,1606.34,1606.34,979.20,627.14,keep
4,4,0,0,1842.88,1842.88,920.37,922.52,keep
4,4,0,1,1444.35,1444.35,974.76,469.59,keep
4,4,1,0,2133.31,2133.31,920.37,1212.94,keep
4,4,1,1,1766.96,1766.96,974.76,792.20,keep
4,5,0,0,1674.21,1674.21,924.69,749.52,keep
4,5,0,1,1292.75,1292.75,975.76,316.99,keep
4,5,1,0,2007.77,2007.77,924.69,1083.09,keep
4,5,1,1,1657.96,1657.96,975.76,682.20,keep
4,5,2,0,2035.06,2035.06,924.69,1110.37,keep
4,5,2,1,1685.10,1685.10,975.76,709.34,keep
4,6,0,0,1516.85,1516.85,933.01,583.84,keep
4,6,0,1,1156.73,1156.73,979.15,177.58,keep
4,6,1,0,1885.74,1885.74,933.01,952.74,keep
4,6,1,1,1553.27,1553.27,979.15,574.12,keep
4,6,2,0,1925.21,1925.21,933.01,992.21,keep
4,6,2,1,1592.51,1592.51,979.15,613.36,keep
4,6,3,0,1954.04,1954.04,933.01,1021.03,keep
4,6,3,1,1621.29,1621.29,979.15,642.14,keep
4,7,0,0,1375.30,1375.30,942.91,432.38,keep
4,7,0,1,1046.17,1046.17,983.52,62.65,keep
4,7,1,0,1768.79,1768.79,942.91,825.87,keep
4,7,1,1,1453.73,1453.73,983.52,470.21,keep
4,7,2,0,1819.52,1819.52,942.91,876.61,keep
4,7,2,1,1504.15,1504.15,983.52,520.63,keep
4,7,3,0,1861.23,1861.23,942.91,918.32,keep
4,7,3,1,1545.71,1545.71,983.52,562.19,keep
4,7,4,0,1891.67,1891.67,942.91,948.76,keep
4,7,4,1,1576.50,1576.50,983.52,592.98,keep
4,8,0,0,1252.51,1252.51,953.26,299.25,keep
4,8,0,1,988.19,965.90,988.19,-22.29,replace
4,8,1,0,1658.04,1658.04,953.26,704.78,keep
4,8,1,1,1359.99,1359.99,988.19,371.80,keep
4,8,2,0,1719.14,1719.14,953.26,765.88,keep
4,8,2,1,1420.70,1420.70,988.19,432.51,keep
4,8,3,0,1772.76,1772.76,953.26,819.49,keep
4,8,3,1,1474.07,1474.07,988.19,485.88,keep
4,8,4,0,1816.81,1816.81,953.26,863.55,keep
4,8,4,1,1518.32,1518.32,988.19,530.13,keep
4,8,5,0,1848.89,1848.89,953.26,895.63,keep
4,8,5,1,1552.16,1552.16,988.19,563.97,keep
4,9,0,0,1150.09,1150.09,963.47,186.61,keep
4,9,0,1,992.85,900.72,992.85,-92.13,replace
4,9,1,0,1554.20,1554.20,963.47,590.73,keep
4,9,1,1,1272.46,1272.46,992.85,279.60,keep
4,9,2,0,1624.80,1624.80,963.47,661.32,keep
4,9,2,1,1342.59,1342.59,992.85,349.74,keep
4,9,3,0,1689.37,1689.37,963.47,725.90,keep
4,9,3,1,1406.83,1406.83,992.85,413.98,keep
4,9,4,0,1746.02,1746.02,963.47,782.54,keep
4,9,4,1,1463.53,1463.53,992.85,470.68,keep
4,9,5,0,1792.49,1792.49,963.47,829.02,keep
4,9,5,1,1511.46,1511.46,992.85,518.60,keep
4,9,6,0,1826.05,1826.05,963.47,862.57,keep
4,9,6,1,1551.80,1551.80,992.85,558.95,keep
4,10,0,0,1071.74,1071.74,973.27,98.47,keep
4,10,0,1,997.34,852.87,997.34,-144.48,replace
4,10,1,0,1457.61,1457.61,973.27,484.34,keep
4,10,1,1,1191.28,1191.28,997.34,193.94,keep
4,10,2,0,1536.88,1536.88,973.27,563.61,keep
4,10,2,1,1270.02,1270.02,997.34,272.68,keep
4,10,3,0,1611.49,1611.49,973.27,638.22,keep
4,10,3,1,1344.21,1344.21,997.34,346.87,keep
4,10,4,0,1679.72,1679.72,973.27,706.45,keep
4,10,4,1,1412.37,1412.37,997.34,415.02,keep
4,10,5,0,1739.51,1739.51,973.27,766.25,keep
4,10,5,1,1473.32,1473.32,997.34,475.98,keep
4,10,6,0,1788.33,1788.33,973.27,815.06,keep
4,10,6,1,1528.05,1528.05,997.34,530.71,keep
4,10,7,0,1822.56,1822.56,973.27,849.30,keep
4,10,7,1,1586.85,1586.85,997.34,589.50,keep
4,11,0,0,1020.78,1020.78,982.50,38.28,keep
4,11,0,1,1001.58,839.45,1001.58,-162.13,replace
4,11,1,0,1368.33,1368.33,982.50,385.83,keep
4,11,1,1,1116.42,1116.42,1001.58,114.84,keep
4,11,2,0,1455.49,1455.49,982.50,472.99,keep
4,11,2,1,1203.00,1203.00,1001.58,201.42,keep
4,11,3,0,1539.26,1539.26,982.50,556.77,keep
4,11,3,1,1286.28,1286.28,1001.58,284.70,keep
4,11,4,0,1618.11,1618.11,982.50,635.61,keep
4,11,4,1,1364.92,1364.92,1001.58,363.34,keep
4,11,5,0,1690.15,1690.15,982.50,707.65,keep
4,11,5,1,1437.86,1437.86,1001.58,436.28,keep
4,11,6,0,1753.08,1753.08,982.50,770.58,keep
4,11,6,1,1505.90,1505.90,1001.58,504.32,keep
4,11,7,0,1803.57,1803.57,982.50,821.08,keep
4,11,7,1,1578.16,1578.16,1001.58,576.58,keep
4,11,8,0,1835.42,1835.42,1075.40,760.02,keep
4,11,8,1,1697.36,1697.36,1044.32,653.04,keep
4,12,0,0,1001.29,1001.29,991.11,10.19,keep
4,12,0,1,1005.54,831.23,1005.54,-174.31,replace
4,12,2,0,1380.55,1380.55,991.11,389.45,keep
4,12,2,1,1141.40,1141.40,1005.54,135.86,keep
4,12,3,0,1472.67,1472.67,991.11,481.57,keep
4,12,3,1,1232.96,1232.96,1005.54,227.42,keep
4,12,4,0,1561.20,1561.20,991.11,570.09,keep
4,12,4,1,1321.17,1321.17,1005.54,315.64,keep
4,12,5,0,1644.47,1644.47,991.11,653.36,keep
4,12,5,1,1405.09,1405.09,1005.54,399.55,keep
4,12,6,0,1720.37,1720.37,991.11,729.27,keep
4,12,6,1,1485.38,1485.38,1005.54,479.84,keep
4,12,7,0,1785.91,1785.91,991.11,794.80,keep
4,12,7,1,1570.09,1570.09,1005.54,564.55,keep
4,12,8,0,1835.41,1835.41,1075.39,760.02,keep
4,12,8,1,1697.35,1697.35,1044.31,653.04,keep
4,12,9,0,2072.69,2072.69,1075.39,997.29,keep
4,12,9,1,1881.83,1881.83,1044.31,837.52,keep
4,13,0,0,999.08,991.72,999.08,-7.36,replace
4,13,0,1,1009.20,829.37,1009.20,-179.83,replace
4,13,3,0,1411.55,1411.55,999.08,412.48,keep
4,13,3,1,1184.08,1184.08,1009.20,174.88,keep
4,13,4,0,1508.90,1508.90,999.08,509.83,keep
4,13,4,1,1281.02,1281.02,1009.20,271.82,keep
4,13,5,0,1602.42,1602.42,999.08,603.34,keep
4,13,5,1,1374.96,1374.96,1009.20,365.76,keep
4,13,6,0,1690.21,1690.21,999.08,691.14,keep
4,13,6,1,1466.46,1466.46,1009.20,457.26,keep
4,13,7,0,1769.58,1769.58,999.08,770.50,keep
4,13,7,1,1562.63,1562.63,1009.20,553.43,keep
4,13,8,0,1835.41,1835.41,1075.39,760.02,keep
4,13,8,1,1697.34,1697.34,1044.31,653.04,keep
4,13,9,0,2072.68,2072.68,1075.39,997.29,keep
4,13,9,1,1881.83,1881.83,1044.31,837.52,keep
4,14,0,0,1006.41,982.89,1006.41,-23.52,replace
4,14,0,1,1012.57,827.65,1012.57,-184.93,replace
4,14,4,0,1461.02,1461.02,1006.41,454.61,keep
4,14,4,1,1244.30,1244.30,1012.57,231.72,keep
4,14,5,0,1563.87,1563.87,1006.41,557.46,keep
4,14,5,1,1347.36,1347.36,1012.57,334.79,keep
4,14,6,0,1662.52,1662.52,1006.41,656.11,keep
4,14,6,1,1449.11,1449.11,1012.57,436.54,keep
4,14,7,0,1754.56,1754.56,1006.41,748.15,keep
4,14,7,1,1555.77,1555.77,1012.57,543.20,keep
4,14,8,0,1835.41,1835.41,1075.39,760.02,keep
4,14,8,1,1697.34,1697.34,1044.31,653.04,keep
4,14,9,0,2072.68,2072.68,1075.39,997.29,keep
4,14,9,1,1881.82,1881.82,1044.31,837.52,keep
4,15,0,0,1013.13,974.78,1013.13,-38.35,replace
4,15,0,1,1015.66,826.05,1015.66,-189.62,replace
4,15,5,0,1528.65,1528.65,1013.13,515.53,keep
4,15,5,1,1322.17,1322.17,1015.66,306.51,keep
4,15,6,0,1637.19,1637.19,1013.13,624.07,keep
4,15,6,1,1433.24,1433.24,1015.66,417.58,keep
4,15,7,0,1740.80,1740.80,1013.13,727.67,keep
4,15,7,1,1549.49,1549.49,1015.66,533.82,keep
4,15,8,0,1835.41,1835.41,1075.39,760.02,keep
4,15,8,1,1697.34,1697.34,1044.31,653.04,keep
4,15,9,0,2072.68,2072.68,1075.39,997.29,keep
4,15,9,1,1881.82,1881.82,1044.31,837.52,keep
4,16,0,0,1019.26,967.36,1019.26,-51.90,replace
4,16,0,1,1018.49,824.58,1018.49,-193.91,replace
4,16,6,0,1614.10,1614.10,1019.26,594.83,keep
4,16,6,1,1418.78,1418.78,1018.49,400.30,keep
4,16,7,0,1728.24,1728.24,1019.26,708.98,keep
4,16,7,1,1543.75,1543.75,1018.49,525.26,keep
4,16,8,0,1835.41,1835.41,1075.39,760.02,keep
4,16,8,1,1697.34,1697.34,1044.31,653.04,keep
4,16,9,0,2072.68,2072.68,1075.39,997.29,keep
4,16,9,1,1881.82,1881.82,1044.31,837.52,keep
4,17,0,0,1024.85,960.60,1024.85,-64.25,replace
4,17,0,1,1021.06,823.23,1021.06,-197.83,replace
4,17,7,0,1716.80,1716.80,1024.85,691.95,keep
4,17,7,1,1538.53,1538.53,1021.06,517.47,keep
4,17,8,0,1835.41,1835.41,1075.39,760.02,keep
4,17,8,1,1697.34,1697.34,1044.31,653.04,keep
4,17,9,0,2072.68,2072.68,1075.39,997.29,keep
4,17,9,1,1881.82,1881.82,1044.31,837.52,keep
4,18,0,0,1029.92,967.99,1029.92,-61.93,replace
4,18,0,1,1023.39,831.22,1023.39,-192.17,replace
4,18,8,0,1835.41,1835.41,1075.39,760.02,keep
4,18,8,1,1697.34,1697.34,1044.31,653.04,keep
4,18,9,0,2072.68,2072.68,1075.39,997.29,keep
4,18,9,1,1881.82,1881.82,1044.31,837.52,keep
4,19,0,0,1049.58,1049.58,1034.52,15.06,keep
4,19,0,1,1025.51,903.16,1025.51,-122.35,replace
4,19,9,0,2072.68,2072.68,1075.39,997.29,keep
4,19,9,1,1881.82,1881.82,1044.31,837.52,keep
4,20,0,0,1148.23,1148.23,1038.68,109.55,keep
4,20,0,1,1073.57,1073.57,1027.42,46.15,keep
5,1,0,0,2227.15,2227.15,1020.52,1206.62,keep
5,1,0,1,1853.84,1853.84,1039.92,813.92,keep
5,2,0,0,2112.91,2112.91,948.05,1164.86,keep
5,2,0,1,1714.63,1714.63,994.88,719.74,keep
5,3,0,0,1972.64,1972.64,922.99,1049.65,keep
5,3,0,1,1561.94,1561.94,978.22,583.72,keep
5,4,0,0,1797.97,1797.97,918.22,879.75,keep
5,4,0,1,1401.31,1401.31,973.78,427.54,keep
5,4,1,0,2089.73,2089.73,918.22,1171.51,keep
5,4,1,1,1721.90,1721.90,973.78,748.13,keep
5,5,0,0,1631.48,1631.48,922.63,708.85,keep
5,5,0,1,1253.02,1253.02,974.81,278.20,keep
5,5,1,0,1963.12,1963.12,922.63,1040.49,keep
5,5,1,1,1612.00,1612.00,974.81,637.19,keep
5,5,2,0,1986.76,1986.76,922.63,1064.12,keep
5,5,2,1,1635.50,1635.50,974.81,660.69,keep
5,6,0,0,1478.29,1478.29,931.07,547.22,keep
5,6,0,1,1122.91,1122.91,978.26,144.65,keep
5,6,1,0,1840.02,1840.02,931.07,908.95,keep
5,6,1,1,1506.42,1506.42,978.26,528.16,keep
5,6,2,0,1875.92,1875.92,931.07,944.85,keep
5,6,2,1,1542.08,1542.08,978.26,563.82,keep
5,6,3,0,1900.90,1900.90,931.07,969.83,keep
5,6,3,1,1567.02,1567.02,978.26,588.76,keep
5,7,0,0,1342.81,1342.81,941.12,401.69,keep
5,7,0,1,1022.80,1022.80,982.69,40.11,keep
5,7,1,0,1722.02,1722.02,941.12,780.90,keep
5,7,1,1,1406.01,1406.01,982.69,423.32,keep
5,7,2,0,1769.26,1769.26,941.12,828.14,keep
5,7,2,1,1452.92,1452.92,982.69,470.23,keep
5,7,3,0,1807.21,1807.21,941.12,866.09,keep
5,7,3,1,1490.72,1490.72,982.69,508.03,keep
5,7,4,0,1833.60,1833.60,941.12,892.48,keep
5,7,4,1,1517.44,1517.44,982.69,534.75,keep
5,8,0,0,1227.06,1227.06,951.61,275.45,keep
5,8,0,1,987.43,947.89,987.43,-39.54,replace
5,8,1,0,1610.27,1610.27,951.61,658.67,keep
5,8,1,1,1311.46,1311.46,987.43,324.03,keep
5,8,2,0,1667.94,1667.94,951.61,716.34,keep
5,8,2,1,1368.72,1368.72,987.43,381.29,keep
5,8,3,0,1717.89,1717.89,951.61,766.28,keep
5,8,3,1,1418.40,1418.40,987.43,430.97,keep
5,8,4,0,1757.99,1757.99,951.61,806.39,keep
5,8,4,1,1458.68,1458.68,987.43,471.25,keep
5,8,5,0,1785.79,1785.79,951.61,834.19,keep
5,8,5,1,1488.19,1488.19,987.43,500.76,keep
5,9,0,0,1133.18,1133.18,961.96,171.22,keep
5,9,0,1,992.16,889.01,992.16,-103.15,replace
5,9,1,0,1505.50,1505.50,961.96,543.54,keep
5,9,1,1,1223.16,1223.16,992.16,231.00,keep
5,9,2,0,1572.72,1572.72,961.96,610.77,keep
5,9,2,1,1289.90,1289.90,992.16,297.74,keep
5,9,3,0,1633.70,1633.70,961.96,671.74,keep
5,9,3,1,1350.51,1350.51,992.16,358.36,keep
5,9,4,0,1686.49,1686.49,961.96,724.53,keep
5,9,4,1,1403.33,1403.33,992.16,411.17,keep
5,9,5,0,1728.81,1728.81,961.96,766.85,keep
5,9,5,1,1447.04,1447.04,992.16,454.88,keep
5,9,6,0,1757.82,1757.82,961.96,795.87,keep
5,9,6,1,1482.75,1482.75,992.16,490.60,keep
5,10,0,0,1064.60,1064.60,971.88,92.72,keep
5,10,0,1,996.71,848.18,996.71,-148.52,replace
5,10,1,0,1408.03,1408.03,971.88,436.15,keep
5,10,1,1,1141.27,1141.27,996.71,144.56,keep
5,10,2,0,1483.99,1483.99,971.88,512.10,keep
5,10,2,1,1216.66,1216.66,996.71,219.96,keep
5,10,3,0,1555.07,1555.07,971.88,583.18,keep
5,10,3,1,1287.30,1287.30,996.71,290.59,keep
5,10,4,0,1619.53,1619.53,971.88,647.64,keep
5,10,4,1,1351.64,1351.64,996.71,354.93,keep
5,10,5,0,1675.26,1675.26,971.88,703.38,keep
5,10,5,1,1408.48,1408.48,996.71,411.77,keep
5,10,6,0,1719.67,1719.67,971.88,747.79,keep
5,10,6,1,1458.72,1458.72,996.71,462.02,keep
5,10,7,0,1749.00,1749.00,971.88,777.12,keep
5,10,7,1,1512.69,1512.69,996.71,515.99,keep
5,11,0,0,1024.14,1024.14,981.24,42.90,keep
5,11,0,1,1001.00,840.78,1001.00,-160.22,replace
5,11,1,0,1317.94,1317.94,981.24,336.70,keep
5,11,1,1,1065.75,1065.75,1001.00,64.74,keep
5,11,2,0,1401.84,1401.84,981.24,420.60,keep
5,11,2,1,1149.03,1149.03,1001.00,148.02,keep
5,11,3,0,1482.15,1482.15,981.24,500.91,keep
5,11,3,1,1228.81,1228.81,1001.00,227.80,keep
5,11,4,0,1557.29,1557.29,981.24,576.05,keep
5,11,4,1,1303.71,1303.71,1001.00,302.71,keep
5,11,5,0,1625.38,1625.38,981.24,644.14,keep
5,11,5,1,1372.63,1372.63,1001.00,371.63,keep
5,11,6,0,1684.02,1684.02,981.24,702.78,keep
5,11,6,1,1436.31,1436.31,1001.00,435.31,keep
5,11,7,0,1729.77,1729.77,981.24,748.52,keep
5,11,7,1,1503.91,1503.91,1001.00,502.90,keep
5,11,8,0,1755.91,1755.91,1075.40,680.51,keep
5,11,8,1,1619.23,1619.23,1044.32,574.91,keep
5,12,0,0,1002.48,1002.48,989.97,12.51,keep
5,12,0,1,1005.01,831.13,1005.01,-173.88,replace
5,12,2,0,1326.20,1326.20,989.97,336.23,keep
5,12,2,1,1086.86,1086.86,1005.01,81.85,keep
5,12,3,0,1414.91,1414.91,989.97,424.94,keep
5,12,3,1,1174.97,1174.97,1005.01,169.95,keep
5,12,4,0,1499.82,1499.82,989.97,509.85,keep
5,12,4,1,1259.52,1259.52,1005.01,254.50,keep
5,12,5,0,1579.21,1579.21,989.97,589.25,keep
5,12,5,1,1339.50,1339.50,1005.01,334.48,keep
5,12,6,0,1650.94,1650.94,989.97,660.98,keep
5,12,6,1,1415.54,1415.54,1005.01,410.53,keep
5,12,7,0,1711.87,1711.87,989.97,721.91,keep
5,12,7,1,1495.74,1495.74,1005.01,490.72,keep
5,12,8,0,1755.90,1755.90,1075.39,680.50,keep
5,12,8,1,1619.22,1619.22,1044.31,574.91,keep
5,12,9,0,1990.04,1990.04,1075.39,914.65,keep
5,12,9,1,1801.53,1801.53,1044.31,757.22,keep
5,13,0,0,998.04,992.76,998.04,-5.28,replace
5,13,0,1,1008.73,829.25,1008.73,-179.47,replace
5,13,3,0,1353.20,1353.20,998.04,355.16,keep
5,13,3,1,1125.62,1125.62,1008.73,116.89,keep
5,13,4,0,1446.99,1446.99,998.04,448.95,keep
5,13,4,1,1218.95,1218.95,1008.73,210.22,keep
5,13,5,0,1536.71,1536.71,998.04,538.67,keep
5,13,5,1,1309.03,1309.03,1008.73,300.31,keep
5,13,6,0,1620.44,1620.44,998.04,622.39,keep
5,13,6,1,1396.40,1396.40,1008.73,387.67,keep
5,13,7,0,1695.33,1695.33,998.04,697.29,keep
5,13,7,1,1488.19,1488.19,1008.73,479.46,keep
5,13,8,0,1755.89,1755.89,1075.39,680.50,keep
5,13,8,1,1619.22,1619.22,1044.31,574.91,keep
5,13,9,0,1990.04,1990.04,1075.39,914.65,keep
5,13,9,1,1801.53,1801.53,1044.31,757.22,keep
5,14,0,0,1005.47,983.80,1005.47,-21.67,replace
5,14,0,1,1012.15,827.51,1012.15,-184.64,replace
5,14,4,0,1398.63,1398.63,1005.47,393.15,keep
5,14,4,1,1181.85,1181.85,1012.15,169.70,keep
5,14,5,0,1497.76,1497.76,1005.47,492.28,keep
5,14,5,1,1281.13,1281.13,1012.15,268.99,keep
5,14,6,0,1592.43,1592.43,1005.47,586.95,keep
5,14,6,1,1378.84,1378.84,1012.15,366.69,keep
5,14,7,0,1680.12,1680.12,1005.47,674.64,keep
5,14,7,1,1481.24,1481.24,1012.15,469.10,keep
5,14,8,0,1755.89,1755.89,1075.39,680.50,keep
5,14,8,1,1619.21,1619.21,1044.31,574.91,keep
5,14,9,0,1990.04,1990.04,1075.39,914.65,keep
5,14,9,1,1801.52,1801.52,1044.31,757.22,keep
5,15,0,0,1012.28,975.57,1012.28,-36.71,replace
5,15,0,1,1015.28,825.89,1015.28,-189.39,replace
5,15,5,0,1462.17,1462.17,1012.28,449.88,keep
5,15,5,1,1255.66,1255.66,1015.28,240.39,keep
5,15,6,0,1566.81,1566.81,1012.28,554.52,keep
5,15,6,1,1362.78,1362.78,1015.28,347.50,keep
5,15,7,0,1666.18,1666.18,1012.28,653.90,keep
5,15,7,1,1474.88,1474.88,1015.28,459.61,keep
5,15,8,0,1755.89,1755.89,1075.39,680.50,keep
5,15,8,1,1619.21,1619.21,1044.31,574.91,keep
5,15,9,0,1990.04,1990.04,1075.39,914.65,keep
5,15,9,1,1801.52,1801.52,1044.31,757.22,keep
5,16,0,0,1018.50,968.05,1018.50,-50.45,replace
5,16,0,1,1018.14,824.40,1018.14,-193.73,replace
5,16,6,0,1543.45,1543.45,1018.50,524.95,keep
5,16,6,1,1348.15,1348.15,1018.14,330.01,keep
5,16,7,0,1653.46,1653.46,1018.50,634.95,keep
5,16,7,1,1469.08,1469.08,1018.14,450.94,keep
5,16,8,0,1755.89,1755.89,1075.39,680.50,keep
5,16,8,1,1619.21,1619.21,1044.31,574.91,keep
5,16,9,0,1990.04,1990.04,1075.39,914.65,keep
5,16,9,1,1801.52,1801.52,1044.31,757.22,keep
5,17,0,0,1024.16,961.18,1024.16,-62.98,replace
5,17,0,1,1020.74,823.04,1020.74,-197.70,replace
5,17,7,0,1641.87,1641.87,1024.16,617.71,keep
5,17,7,1,1463.79,1463.79,1020.74,443.05,keep
5,17,8,0,1755.89,1755.89,1075.39,680.50,keep
5,17,8,1,1619.21,1619.21,1044.31,574.91,keep
5,17,9,0,1990.04,1990.04,1075.39,914.65,keep
5,17,9,1,1801.52,1801.52,1044.31,757.22,keep
5,18,0,0,1029.31,969.96,1029.31,-59.35,replace
5,18,0,1,1023.11,832.06,1023.11,-191.04,replace
5,18,8,0,1755.89,1755.89,1075.39,680.50,keep
5,18,8,1,1619.21,1619.21,1044.31,574.91,keep
5,18,9,0,1990.04,1990.04,1075.39,914.65,keep
5,18,9,1,1801.52,1801.52,1044.31,757.22,keep
5,19,0,0,1050.75,1050.75,1033.97,16.78,keep
5,19,0,1,1025.25,903.66,1025.25,-121.59,replace
5,19,9,0,1990.04,1990.04,1075.39,914.65,keep
5,19,9,1,1801.52,1801.52,1044.31,757.22,keep
5,20,0,0,1148.96,1148.96,1038.19,110.78,keep
5,20,0,1,1073.45,1073.45,1027.19,46.26,keep
6,1,0,0,2142.17,2142.17,1020.79,1121.38,keep
6,1,0,1,1771.78,1771.78,1040.04,731.74,keep
6,2,0,0,2027.59,2027.59,948.46,1079.13,keep
6,2,0,1,1632.99,1632.99,995.07,637.92,keep
6,3,0,0,1887.00,1887.00,923.45,963.55,keep
6,3,0,1,1481.80,1481.80,978.43,503.37,keep
6,4,0,0,1717.66,1717.66,918.68,798.98,keep
6,4,0,1,1327.45,1327.45,973.99,353.46,keep
6,4,1,0,2009.26,2009.26,918.68,1090.58,keep
6,4,1,1,1643.83,1643.83,973.99,669.85,keep
6,5,0,0,1558.62,1558.62,923.07,635.55,keep
6,5,0,1,1187.73,1187.73,975.01,212.71,keep
6,5,1,0,1883.85,1883.85,923.07,960.78,keep
6,5,1,1,1535.09,1535.09,975.01,560.07,keep
6,5,2,0,1906.04,1906.04,923.07,982.97,keep
6,5,2,1,1557.11,1557.11,975.01,582.10,keep
6,6,0,0,1415.03,1415.03,931.49,483.54,keep
6,6,0,1,1069.28,1069.28,978.45,90.83,keep
6,6,1,0,1761.92,1761.92,931.49,830.43,keep
6,6,1,1,1430.62,1430.62,978.45,452.17,keep
6,6,2,0,1796.20,1796.20,931.49,864.72,keep
6,6,2,1,1464.63,1464.63,978.45,486.18,keep
6,6,3,0,1819.68,1819.68,931.49,888.19,keep
6,6,3,1,1488.03,1488.03,978.45,509.58,keep
6,7,0,0,1290.87,1290.87,941.50,349.36,keep
6,7,0,1,986.83,986.83,982.87,3.96,keep
6,7,1,0,1645.03,1645.03,941.50,703.53,keep
6,7,1,1,1331.28,1331.28,982.87,348.41,keep
6,7,2,0,1690.50,1690.50,941.50,749.00,keep
6,7,2,1,1376.36,1376.36,982.87,393.50,keep
6,7,3,0,1726.78,1726.78,941.50,785.28,keep
6,7,3,1,1412.44,1412.44,982.87,429.57,keep
6,7,4,0,1751.60,1751.60,941.50,810.10,keep
6,7,4,1,1437.53,1437.53,982.87,454.66,keep
6,8,0,0,1186.38,1186.38,951.96,234.42,keep
6,8,0,1,987.59,920.18,987.59,-67.41,replace
6,8,1,0,1534.34,1534.34,951.96,582.37,keep
6,8,1,1,1237.72,1237.72,987.59,250.13,keep
6,8,2,0,1590.09,1590.09,951.96,638.13,keep
6,8,2,1,1293.00,1293.00,987.59,305.40,keep
6,8,3,0,1638.21,1638.21,951.96,686.25,keep
6,8,3,1,1340.79,1340.79,987.59,353.19,keep
6,8,4,0,1676.59,1676.59,951.96,724.63,keep
6,8,4,1,1379.26,1379.26,987.59,391.66,keep
6,8,5,0,1702.75,1702.75,951.96,750.79,keep
6,8,5,1,1407.00,1407.00,987.59,419.40,keep
6,9,0,0,1104.95,1104.95,962.28,142.67,keep
6,9,0,1,992.31,870.26,992.31,-122.05,replace
6,9,1,0,1430.54,1430.54,962.28,468.26,keep
6,9,1,1,1150.35,1150.35,992.31,158.04,keep
6,9,2,0,1495.72,1495.72,962.28,533.44,keep
6,9,2,1,1214.96,1214.96,992.31,222.66,keep
6,9,3,0,1554.73,1554.73,962.28,592.45,keep
6,9,3,1,1273.53,1273.53,992.31,281.23,keep
6,9,4,0,1605.64,1605.64,962.28,643.36,keep
6,9,4,1,1324.37,1324.37,992.31,332.07,keep
6,9,5,0,1646.16,1646.16,962.28,683.88,keep
6,9,5,1,1366.14,1366.14,992.31,373.84,keep
6,9,6,0,1673.46,1673.46,962.28,711.17,keep
6,9,6,1,1399.85,1399.85,992.31,407.54,keep
6,10,0,0,1049.56,1049.56,972.18,77.38,keep
6,10,0,1,996.84,838.87,996.84,-157.97,replace
6,10,1,0,1333.98,1333.98,972.18,361.80,keep
6,10,1,1,1069.31,1069.31,996.84,72.47,keep
6,10,2,0,1407.77,1407.77,972.18,435.59,keep
6,10,2,1,1142.45,1142.45,996.84,145.61,keep
6,10,3,0,1476.76,1476.76,972.18,504.58,keep
6,10,3,1,1210.90,1210.90,996.84,214.06,keep
6,10,4,0,1539.20,1539.20,972.18,567.02,keep
6,10,4,1,1273.12,1273.12,996.84,276.28,keep
6,10,5,0,1593.00,1593.00,972.18,620.82,keep
6,10,5,1,1327.87,1327.87,996.84,331.03,keep
6,10,6,0,1635.53,1635.53,972.18,663.35,keep
6,10,6,1,1375.97,1375.97,996.84,379.12,keep
6,10,7,0,1662.95,1662.95,972.18,690.77,keep
6,10,7,1,1427.57,1427.57,996.84,430.73,keep
6,11,0,0,1022.37,1022.37,981.51,40.86,keep
6,11,0,1,1001.13,839.27,1001.13,-161.86,replace
6,11,1,0,1244.73,1244.73,981.51,263.22,keep
6,11,1,1,1001.13,994.58,1001.13,-6.54,replace
6,11,2,0,1326.35,1326.35,981.51,344.84,keep
6,11,2,1,1075.48,1075.48,1001.13,74.36,keep
6,11,3,0,1404.45,1404.45,981.51,422.94,keep
6,11,3,1,1152.95,1152.95,1001.13,151.82,keep
6,11,4,0,1477.45,1477.45,981.51,495.94,keep
6,11,4,1,1225.59,1225.59,1001.13,224.47,keep
6,11,5,0,1543.46,1543.46,981.51,561.95,keep
6,11,5,1,1292.28,1292.28,1001.13,291.16,keep
6,11,6,0,1600.09,1600.09,981.51,618.58,keep
6,11,6,1,1353.69,1353.69,1001.13,352.56,keep
6,11,7,0,1643.79,1643.79,981.51,662.28,keep
6,11,7,1,1418.83,1418.83,1001.13,417.71,keep
6,11,8,0,1667.43,1667.43,1075.40,592.03,keep
6,11,8,1,1531.91,1531.91,1044.32,487.60,keep
6,12,0,0,1001.71,1001.71,990.21,11.49,keep
6,12,0,1,1005.13,830.27,1005.13,-174.86,replace
6,12,2,0,1251.38,1251.38,990.21,261.17,keep
6,12,2,1,1013.93,1013.93,1005.13,8.81,keep
6,12,3,0,1337.77,1337.77,990.21,347.56,keep
6,12,3,1,1099.60,1099.60,1005.13,94.48,keep
6,12,4,0,1420.42,1420.42,990.21,430.21,keep
6,12,4,1,1181.77,1181.77,1005.13,176.64,keep
6,12,5,0,1497.62,1497.62,990.21,507.41,keep
6,12,5,1,1259.40,1259.40,1005.13,254.27,keep
6,12,6,0,1567.21,1567.21,990.21,577.00,keep
6,12,6,1,1333.04,1333.04,1005.13,327.92,keep
6,12,7,0,1625.97,1625.97,990.21,635.76,keep
6,12,7,1,1410.71,1410.71,1005.13,405.58,keep
6,12,8,0,1667.43,1667.43,1075.39,592.03,keep
6,12,8,1,1531.91,1531.91,1044.31,487.60,keep
6,12,9,0,1898.46,1898.46,1075.39,823.07,keep
6,12,9,1,1712.83,1712.83,1044.31,668.52,keep
6,13,0,0,998.26,992.01,998.26,-6.25,replace
6,13,0,1,1008.83,828.40,1008.83,-180.42,replace
6,13,3,0,1276.57,1276.57,998.26,278.31,keep
6,13,3,1,1050.71,1050.71,1008.83,41.88,keep
6,13,4,0,1368.00,1368.00,998.26,369.74,keep
6,13,4,1,1141.54,1141.54,1008.83,132.71,keep
6,13,5,0,1455.42,1455.42,998.26,457.15,keep
6,13,5,1,1229.15,1229.15,1008.83,220.33,keep
6,13,6,0,1536.88,1536.88,998.26,538.62,keep
6,13,6,1,1314.02,1314.02,1008.83,305.19,keep
6,13,7,0,1609.50,1609.50,998.26,611.24,keep
6,13,7,1,1403.20,1403.20,1008.83,394.37,keep
6,13,8,0,1667.42,1667.42,1075.39,592.03,keep
6,13,8,1,1531.90,1531.90,1044.31,487.60,keep
6,13,9,0,1898.46,1898.46,1075.39,823.07,keep
6,13,9,1,1712.83,1712.83,1044.31,668.52,keep
6,14,0,0,1005.67,983.07,1005.67,-22.60,replace
6,14,0,1,1012.24,826.67,1012.24,-185.56,replace
6,14,4,0,1320.01,1320.01,1005.67,314.34,keep
6,14,4,1,1104.75,1104.75,1012.24,92.52,keep
6,14,5,0,1416.73,1416.73,1005.67,411.05,keep
6,14,5,1,1201.46,1201.46,1012.24,189.22,keep
6,14,6,0,1509.04,1509.04,1005.67,503.36,keep
6,14,6,1,1296.56,1296.56,1012.24,284.33,keep
6,14,7,0,1594.35,1594.35,1005.67,588.67,keep
6,14,7,1,1396.30,1396.30,1012.24,384.06,keep
6,14,8,0,1667.42,1667.42,1075.39,592.03,keep
6,14,8,1,1531.90,1531.90,1044.31,487.60,keep
6,14,9,0,1898.46,1898.46,1075.39,823.07,keep
6,14,9,1,1712.83,1712.83,1044.31,668.52,keep
6,15,0,0,1012.46,974.86,1012.46,-37.60,replace
6,15,0,1,1015.36,825.07,1015.36,-190.29,replace
6,15,5,0,1381.39,1381.39,1012.46,368.92,keep
6,15,5,1,1176.18,1176.18,1015.36,160.82,keep
6,15,6,0,1483.57,1483.57,1012.46,471.10,keep
6,15,6,1,1280.61,1280.61,1015.36,265.25,keep
6,15,7,0,1580.47,1580.47,1012.46,568.00,keep
6,15,7,1,1389.97,1389.97,1015.36,374.61,keep
6,15,8,0,1667.42,1667.42,1075.39,592.03,keep
6,15,8,1,1531.90,1531.90,1044.31,487.59,keep
6,15,9,0,1898.46,1898.46,1075.39,823.07,keep
6,15,9,1,1712.83,1712.83,1044.31,668.52,keep
6,16,0,0,1018.66,967.35,1018.66,-51.31,replace
6,16,0,1,1018.21,823.60,1018.21,-194.61,replace
6,16,6,0,1460.35,1460.35,1018.66,441.68,keep
6,16,6,1,1266.06,1266.06,1018.21,247.85,keep
6,16,7,0,1567.80,1567.80,1018.66,549.13,keep
6,16,7,1,1384.20,1384.20,1018.21,365.99,keep
6,16,8,0,1667.42,1667.42,1075.39,592.03,keep
6,16,8,1,1531.90,1531.90,1044.31,487.59,keep
6,16,9,0,1898.46,1898.46,1075.39,823.07,keep
6,16,9,1,1712.83,1712.83,1044.31,668.52,keep
6,17,0,0,1024.31,960.51,1024.31,-63.80,replace
6,17,0,1,1020.81,822.25,1020.81,-198.56,replace
6,17,7,0,1556.26,1556.26,1024.31,531.95,keep
6,17,7,1,1378.94,1378.94,1020.81,358.14,keep
6,17,8,0,1667.42,1667.42,1075.39,592.03,keep
6,17,8,1,1531.90,1531.90,1044.31,487.59,keep
6,17,9,0,1898.46,1898.46,1075.39,823.07,keep
6,17,9,1,1712.83,1712.83,1044.31,668.52,keep
6,18,0,0,1029.44,967.33,1029.44,-62.11,replace
6,18,0,1,1023.17,829.98,1023.17,-193.19,replace
6,18,8,0,1667.42,1667.42,1075.39,592.03,keep
6,18,8,1,1531.90,1531.90,1044.31,487.59,keep
6,18,9,0,1898.46,1898.46,1075.39,823.07,keep
6,18,9,1,1712.83,1712.83,1044.31,668.52,keep
6,19,0,0,1048.77,1048.77,1034.09,14.69,keep
6,19,0,1,1025.31,901.70,1025.31,-123.61,replace
6,19,9,0,1898.46,1898.46,1075.39,823.07,keep
6,19,9,1,1712.83,1712.83,1044.31,668.52,keep
6,20,0,0,1148.13,1148.13,1038.29,109.84,keep
6,20,0,1,1072.12,1072.12,1027.24,44.88,keep
7,1,0,0,2048.31,2048.31,1021.68,1026.63,keep
7,1,0,1,1684.18,1684.18,1040.45,643.73,keep
7,2,0,0,1933.71,1933.71,949.84,983.88,keep
7,2,0,1,1546.24,1546.24,995.71,550.54,keep
7,3,0,0,1793.42,1793.42,924.97,868.45,keep
7,3,0,1,1397.54,1397.54,979.13,418.41,keep
7,4,0,0,1631.94,1631.94,920.21,711.73,keep
7,4,0,1,1251.97,1251.97,974.69,277.28,keep
7,4,1,0,1914.92,1914.92,920.21,994.70,keep
7,4,1,1,1555.10,1555.10,974.69,580.42,keep
7,5,0,0,1482.98,1482.98,924.54,558.44,keep
7,5,0,1,1124.37,1124.37,975.69,148.68,keep
7,5,1,0,1791.17,1791.17,924.54,866.62,keep
7,5,1,1,1447.74,1447.74,975.69,472.05,keep
7,5,2,0,1811.63,1811.63,924.54,887.09,keep
7,5,2,1,1468.06,1468.06,975.69,492.36,keep
7,6,0,0,1351.20,1351.20,932.87,418.34,keep
7,6,0,1,1024.92,1024.92,979.09,45.83,keep
7,6,1,0,1670.86,1670.86,932.87,737.99,keep
7,6,1,1,1344.62,1344.62,979.09,365.54,keep
7,6,2,0,1703.24,1703.24,932.87,770.37,keep
7,6,2,1,1376.73,1376.73,979.09,397.65,keep
7,6,3,0,1724.90,1724.90,932.87,792.03,keep
7,6,3,1,1398.31,1398.31,979.09,419.23,keep
7,7,0,0,1238.60,1238.60,942.79,295.81,keep
7,7,0,1,983.46,951.88,983.46,-31.58,replace
7,7,1,0,1555.53,1555.53,942.79,612.75,keep
7,7,1,1,1246.56,1246.56,983.46,263.10,keep
7,7,2,0,1598.93,1598.93,942.79,656.14,keep
7,7,2,1,1289.58,1289.58,983.46,306.12,keep
7,7,3,0,1633.20,1633.20,942.79,690.41,keep
7,7,3,1,1323.64,1323.64,983.46,340.19,keep
7,7,4,0,1656.10,1656.10,942.79,713.31,keep
7,7,4,1,1346.79,1346.79,983.46,363.33,keep
7,8,0,0,1146.51,1146.51,953.14,193.37,keep
7,8,0,1,988.14,894.10,988.14,-94.04,replace
7,8,1,0,1446.32,1446.32,953.14,493.17,keep
7,8,1,1,1154.21,1154.21,988.14,166.07,keep
7,8,2,0,1499.85,1499.85,953.14,546.70,keep
7,8,2,1,1207.27,1207.27,988.14,219.13,keep
7,8,3,0,1545.78,1545.78,953.14,592.64,keep
7,8,3,1,1252.87,1252.87,988.14,264.73,keep
7,8,4,0,1582.03,1582.03,953.14,628.89,keep
7,8,4,1,1289.20,1289.20,988.14,301.06,keep
7,8,5,0,1606.16,1606.16,953.14,653.02,keep
7,8,5,1,1314.80,1314.80,988.14,326.67,keep
7,9,0,0,1078.10,1078.10,963.37,114.73,keep
7,9,0,1,992.80,853.51,992.80,-139.29,replace
7,9,1,0,1343.91,1343.91,963.37,380.54,keep
7,9,1,1,1067.96,1067.96,992.80,75.16,keep
7,9,2,0,1406.72,1406.72,963.37,443.35,keep
7,9,2,1,1130.21,1130.21,992.80,137.41,keep
7,9,3,0,1463.38,1463.38,963.37,500.01,keep
7,9,3,1,1186.44,1186.44,992.80,193.64,keep
7,9,4,0,1511.98,1511.98,963.37,548.62,keep
7,9,4,1,1234.95,1234.95,992.80,242.15,keep
7,9,5,0,1550.26,1550.26,963.37,586.90,keep
7,9,5,1,1274.40,1274.40,992.80,281.60,keep
7,9,6,0,1575.39,1575.39,963.37,612.02,keep
7,9,6,1,1305.66,1305.66,992.80,312.86,keep
7,10,0,0,1035.61,1035.61,973.17,62.44,keep
7,10,0,1,997.30,831.96,997.30,-165.34,replace
7,10,1,0,1249.20,1249.20,973.17,276.03,keep
7,10,1,1,997.30,990.95,997.30,-6.35,replace
7,10,2,0,1319.92,1319.92,973.17,346.76,keep
7,10,2,1,1058.62,1058.62,997.30,61.32,keep
7,10,3,0,1386.41,1386.41,973.17,413.25,keep
7,10,3,1,1124.57,1124.57,997.30,127.28,keep
7,10,4,0,1446.38,1446.38,973.17,473.21,keep
7,10,4,1,1184.30,1184.30,997.30,187.01,keep
7,10,5,0,1497.74,1497.74,973.17,524.57,keep
7,10,5,1,1236.55,1236.55,997.30,239.25,keep
7,10,6,0,1537.89,1537.89,973.17,564.72,keep
7,10,6,1,1282.02,1282.02,997.30,284.72,keep
7,10,7,0,1562.91,1562.91,973.17,589.75,keep
7,10,7,1,1330.67,1330.67,997.30,333.38,keep
7,11,0,0,1019.60,1019.60,982.41,37.20,keep
7,11,0,1,1001.54,837.82,1001.54,-163.72,replace
7,11,1,0,1167.53,1167.53,982.41,185.12,keep
7,11,1,1,1001.54,940.08,1001.54,-61.46,replace
7,11,2,0,1239.57,1239.57,982.41,257.17,keep
7,11,2,1,1001.54,992.49,1001.54,-9.05,replace
7,11,3,0,1315.04,1315.04,982.41,332.63,keep
7,11,3,1,1067.33,1067.33,1001.54,65.79,keep
7,11,4,0,1385.41,1385.41,982.41,403.00,keep
7,11,4,1,1137.33,1137.33,1001.54,135.79,keep
7,11,5,0,1448.81,1448.81,982.41,466.40,keep
7,11,5,1,1201.35,1201.35,1001.54,199.81,keep
7,11,6,0,1502.85,1502.85,982.41,520.44,keep
7,11,6,1,1259.96,1259.96,1001.54,258.42,keep
7,11,7,0,1543.95,1543.95,982.41,561.54,keep
7,11,7,1,1322.02,1322.02,1001.54,320.48,keep
7,11,8,0,1564.53,1564.53,1075.40,489.13,keep
7,11,8,1,1431.84,1431.84,1044.32,387.53,keep
7,12,0,0,1000.70,1000.70,991.03,9.67,keep
7,12,0,1,1005.50,829.95,1005.50,-175.55,replace
7,12,2,0,1168.26,1168.26,991.03,177.23,keep
7,12,2,1,1005.50,945.79,1005.50,-59.71,replace
7,12,3,0,1249.22,1249.22,991.03,258.20,keep
7,12,3,1,1014.64,1014.64,1005.50,9.14,keep
7,12,4,0,1329.10,1329.10,991.03,338.07,keep
7,12,4,1,1094.02,1094.02,1005.50,88.52,keep
7,12,5,0,1403.52,1403.52,991.03,412.50,keep
7,12,5,1,1168.82,1168.82,1005.50,163.32,keep
7,12,6,0,1470.34,1470.34,991.03,479.32,keep
7,12,6,1,1239.53,1239.53,1005.50,234.03,keep
7,12,7,0,1526.30,1526.30,991.03,535.27,keep
7,12,7,1,1313.98,1313.98,1005.50,308.48,keep
7,12,8,0,1564.52,1564.52,1075.39,489.13,keep
7,12,8,1,1431.84,1431.84,1044.31,387.53,keep
7,12,9,0,1790.55,1790.55,1075.39,715.16,keep
7,12,9,1,1609.66,1609.66,1044.31,565.35,keep
7,13,0,0,999.00,991.07,999.00,-7.93,replace
7,13,0,1,1009.17,828.11,1009.17,-181.06,replace
7,13,3,0,1188.81,1188.81,999.00,189.81,keep
7,13,3,1,1009.17,966.34,1009.17,-42.83,replace
7,13,4,0,1277.34,1277.34,999.00,278.34,keep
7,13,4,1,1054.26,1054.26,1009.17,45.10,keep
7,13,5,0,1361.83,1361.83,999.00,362.83,keep
7,13,5,1,1138.91,1138.91,1009.17,129.74,keep
7,13,6,0,1440.36,1440.36,999.00,441.36,keep
7,13,6,1,1220.69,1220.69,1009.17,211.53,keep
7,13,7,0,1509.99,1509.99,999.00,510.98,keep
7,13,7,1,1306.55,1306.55,1009.17,297.38,keep
7,13,8,0,1564.52,1564.52,1075.39,489.13,keep
7,13,8,1,1431.83,1431.83,1044.31,387.52,keep
7,13,9,0,1790.55,1790.55,1075.39,715.16,keep
7,13,9,1,1609.66,1609.66,1044.31,565.35,keep
7,14,0,0,1006.34,982.20,1006.34,-24.14,replace
7,14,0,1,1012.54,826.39,1012.54,-186.15,replace
7,14,4,0,1229.95,1229.95,1006.34,223.61,keep
7,14,4,1,1017.91,1017.91,1012.54,5.36,keep
7,14,5,0,1323.61,1323.61,1006.34,317.27,keep
7,14,5,1,1111.52,1111.52,1012.54,98.98,keep
7,14,6,0,1412.83,1412.83,1006.34,406.49,keep
7,14,6,1,1203.41,1203.41,1012.54,190.87,keep
7,14,7,0,1494.98,1494.98,1006.34,488.64,keep
7,14,7,1,1299.71,1299.71,1012.54,287.17,keep
7,14,8,0,1564.52,1564.52,1075.39,489.13,keep
7,14,8,1,1431.83,1431.83,1044.31,387.52,keep
7,14,9,0,1790.55,1790.55,1075.39,715.16,keep
7,14,9,1,1609.66,1609.66,1044.31,565.35,keep
7,15,0,0,1013.07,974.05,1013.07,-39.01,replace
7,15,0,1,1015.64,824.81,1015.64,-190.83,replace
7,15,5,0,1288.70,1288.70,1013.07,275.64,keep
7,15,5,1,1086.51,1086.51,1015.64,70.88,keep
7,15,6,0,1387.65,1387.65,1013.07,374.59,keep
7,15,6,1,1187.62,1187.62,1015.64,171.98,keep
7,15,7,0,1481.24,1481.24,1013.07,468.17,keep
7,15,7,1,1293.45,1293.45,1015.64,277.81,keep
7,15,8,0,1564.52,1564.52,1075.39,489.13,keep
7,15,8,1,1431.83,1431.83,1044.31,387.52,keep
7,15,9,0,1790.55,1790.55,1075.39,715.16,keep
7,15,9,1,1609.66,1609.66,1044.31,565.35,keep
7,16,0,0,1019.21,966.60,1019.21,-52.61,replace
7,16,0,1,1018.46,823.35,1018.46,-195.11,replace
7,16,6,0,1364.69,1364.69,1019.21,345.49,keep
7,16,6,1,1173.22,1173.22,1018.46,154.76,keep
7,16,7,0,1468.69,1468.69,1019.21,449.48,keep
7,16,7,1,1287.74,1287.74,1018.46,269.27,keep
7,16,8,0,1564.51,1564.51,1075.39,489.13,keep
7,16,8,1,1431.83,1431.83,1044.31,387.52,keep
7,16,9,0,1790.54,1790.54,1075.39,715.16,keep
7,16,9,1,1609.66,1609.66,1044.31,565.35,keep
7,17,0,0,1024.80,959.80,1024.80,-64.99,replace
7,17,0,1,1021.03,822.02,1021.03,-199.02,replace
7,17,7,0,1457.26,1457.26,1024.80,432.46,keep
7,17,7,1,1282.53,1282.53,1021.03,261.50,keep
7,17,8,0,1564.51,1564.51,1075.39,489.13,keep
7,17,8,1,1431.83,1431.83,1044.31,387.52,keep
7,17,9,0,1790.54,1790.54,1075.39,715.16,keep
7,17,9,1,1609.66,1609.66,1044.31,565.35,keep
7,18,0,0,1029.88,964.41,1029.88,-65.46,replace
7,18,0,1,1023.37,828.25,1023.37,-195.12,replace
7,18,8,0,1564.51,1564.51,1075.39,489.13,keep
7,18,8,1,1431.83,1431.83,1044.31,387.52,keep
7,18,9,0,1790.54,1790.54,1075.39,715.16,keep
7,18,9,1,1609.66,1609.66,1044.31,565.35,keep
7,19,0,0,1046.70,1046.70,1034.48,12.22,keep
7,19,0,1,1025.49,900.53,1025.49,-124.96,replace
7,19,9,0,1790.54,1790.54,1075.39,715.16,keep
7,19,9,1,1609.66,1609.66,1044.31,565.35,keep
7,20,0,0,1147.32,1147.32,1038.65,108.67,keep
7,20,0,1,1071.61,1071.61,1027.40,44.21,keep
8,1,0,0,1935.98,1935.98,1023.29,912.69,keep
8,1,0,1,1579.95,1579.95,1041.19,538.76,keep
8,2,0,0,1823.37,1823.37,952.31,871.06,keep
8,2,0,1,1445.16,1445.16,996.85,448.32,keep
8,3,0,0,1685.79,1685.79,927.71,758.07,keep
8,3,0,1,1301.71,1301.71,980.40,321.32,keep
8,4,0,0,1535.86,1535.86,922.97,612.89,keep
8,4,0,1,1168.53,1168.53,975.96,192.58,keep
8,4,1,0,1802.18,1802.18,922.97,879.22,keep
8,4,1,1,1449.83,1449.83,975.96,473.87,keep
8,5,0,0,1400.61,1400.61,927.19,473.43,keep
8,5,0,1,1056.68,1056.68,976.91,79.78,keep
8,5,1,0,1681.20,1681.20,927.19,754.02,keep
8,5,1,1,1344.87,1344.87,976.91,367.97,keep
8,5,2,0,1700.99,1700.99,927.19,773.80,keep
8,5,2,1,1364.50,1364.50,976.91,387.59,keep
8,6,0,0,1283.84,1283.84,935.35,348.49,keep
8,6,0,1,980.23,979.66,980.23,-0.57,replace
8,6,1,0,1563.61,1563.61,935.35,628.26,keep
8,6,1,1,1244.09,1244.09,980.23,263.86,keep
8,6,2,0,1595.01,1595.01,935.35,659.66,keep
8,6,2,1,1275.20,1275.20,980.23,294.97,keep
8,6,3,0,1615.96,1615.96,935.35,680.61,keep
8,6,3,1,1296.05,1296.05,980.23,315.82,keep
8,7,0,0,1184.82,1184.82,945.10,239.72,keep
8,7,0,1,984.52,916.36,984.52,-68.16,replace
8,7,1,0,1450.90,1450.90,945.10,505.81,keep
8,7,1,1,1148.26,1148.26,984.52,163.74,keep
8,7,2,0,1493.03,1493.03,945.10,547.94,keep
8,7,2,1,1190.00,1190.00,984.52,205.48,keep
8,7,3,0,1526.28,1526.28,945.10,581.19,keep
8,7,3,1,1223.01,1223.01,984.52,238.49,keep
8,7,4,0,1548.44,1548.44,945.10,603.35,keep
8,7,4,1,1245.36,1245.36,984.52,260.84,keep
8,8,0,0,1106.83,1106.83,955.27,151.56,keep
8,8,0,1,989.12,868.81,989.12,-120.31,replace
8,8,1,0,1344.17,1344.17,955.27,388.90,keep
8,8,1,1,1058.02,1058.02,989.12,68.90,keep
8,8,2,0,1396.17,1396.17,955.27,440.90,keep
8,8,2,1,1109.52,1109.52,989.12,120.41,keep
8,8,3,0,1440.78,1440.78,955.27,485.51,keep
8,8,3,1,1153.78,1153.78,989.12,164.66,keep
8,8,4,0,1475.97,1475.97,955.27,520.70,keep
8,8,4,1,1188.99,1188.99,989.12,199.87,keep
8,8,5,0,1499.34,1499.34,955.27,544.07,keep
8,8,5,1,1213.68,1213.68,989.12,224.56,keep
8,9,0,0,1051.79,1051.79,965.31,86.47,keep
8,9,0,1,993.70,838.32,993.70,-155.38,replace
8,9,1,0,1248.64,1248.64,965.31,283.33,keep
8,9,1,1,993.70,986.43,993.70,-7.27,replace
8,9,2,0,1305.12,1305.12,965.31,339.81,keep
8,9,2,1,1034.19,1034.19,993.70,40.49,keep
8,9,3,0,1360.20,1360.20,965.31,394.88,keep
8,9,3,1,1088.80,1088.80,993.70,95.10,keep
8,9,4,0,1407.43,1407.43,965.31,442.12,keep
8,9,4,1,1135.89,1135.89,993.70,142.19,keep
8,9,5,0,1444.60,1444.60,965.31,479.29,keep
8,9,5,1,1174.09,1174.09,993.70,180.39,keep
8,9,6,0,1468.91,1468.91,965.31,503.60,keep
8,9,6,1,1204.16,1204.16,993.70,210.46,keep
8,10,0,0,1020.58,1020.58,974.94,45.64,keep
8,10,0,1,998.11,823.92,998.11,-174.20,replace
8,10,1,0,1165.82,1165.82,974.94,190.87,keep
8,10,1,1,998.11,934.73,998.11,-63.39,replace
8,10,2,0,1222.82,1222.82,974.94,247.88,keep
8,10,2,1,998.11,974.39,998.11,-23.72,replace
8,10,3,0,1284.92,1284.92,974.94,309.98,keep
8,10,3,1,1028.28,1028.28,998.11,30.17,keep
8,10,4,0,1343.24,1343.24,974.94,368.29,keep
8,10,4,1,1086.31,1086.31,998.11,88.19,keep
8,10,5,0,1393.18,1393.18,974.94,418.23,keep
8,10,5,1,1137.00,1137.00,998.11,138.88,keep
8,10,6,0,1432.16,1432.16,974.94,457.22,keep
8,10,6,1,1180.96,1180.96,998.11,182.85,keep
8,10,7,0,1456.24,1456.24,974.94,481.29,keep
8,10,7,1,1227.83,1227.83,998.11,229.72,keep
8,11,0,0,1014.35,1014.35,984.02,30.33,keep
8,11,0,1,1002.28,834.90,1002.28,-167.38,replace
8,11,1,0,1090.40,1090.40,984.02,106.37,keep
8,11,1,1,1002.28,887.81,1002.28,-114.47,replace
8,11,2,0,1150.62,1150.62,984.02,166.60,keep
8,11,2,1,1002.28,929.72,1002.28,-72.56,replace
8,11,3,0,1215.68,1215.68,984.02,231.66,keep
8,11,3,1,1002.28,974.99,1002.28,-27.29,replace
8,11,4,0,1283.58,1283.58,984.02,299.55,keep
8,11,4,1,1040.33,1040.33,1002.28,38.04,keep
8,11,5,0,1345.27,1345.27,984.02,361.24,keep
8,11,5,1,1102.51,1102.51,1002.28,100.23,keep
8,11,6,0,1397.82,1397.82,984.02,413.79,keep
8,11,6,1,1159.33,1159.33,1002.28,157.04,keep
8,11,7,0,1437.61,1437.61,984.02,453.59,keep
8,11,7,1,1219.35,1219.35,1002.28,217.06,keep
8,11,8,0,1456.69,1456.69,1075.40,381.29,keep
8,11,8,1,1326.69,1326.69,1044.32,282.37,keep
8,12,0,0,998.70,998.70,992.49,6.21,keep
8,12,0,1,1006.17,829.19,1006.17,-176.99,replace
8,12,2,0,1085.49,1085.49,992.49,93.00,keep
8,12,2,1,1006.17,889.58,1006.17,-116.60,replace
8,12,3,0,1154.23,1154.23,992.49,161.73,keep
8,12,3,1,1006.17,937.41,1006.17,-68.77,replace
8,12,4,0,1228.48,1228.48,992.49,235.98,keep
8,12,4,1,1006.17,997.93,1006.17,-8.24,replace
8,12,5,0,1300.92,1300.92,992.49,308.43,keep
8,12,5,1,1070.64,1070.64,1006.17,64.46,keep
8,12,6,0,1365.96,1365.96,992.49,373.46,keep
8,12,6,1,1139.28,1139.28,1006.17,133.10,keep
8,12,7,0,1420.28,1420.28,992.49,427.79,keep
8,12,7,1,1211.45,1211.45,1006.17,205.28,keep
8,12,8,0,1456.68,1456.68,1075.39,381.28,keep
8,12,8,1,1326.68,1326.68,1044.31,282.37,keep
8,12,9,0,1677.74,1677.74,1075.39,602.34,keep
8,12,9,1,1501.81,1501.81,1044.31,457.50,keep
8,13,0,0,1000.33,989.23,1000.33,-11.10,replace
8,13,0,1,1009.78,827.38,1009.78,-182.40,replace
8,13,3,0,1099.38,1099.38,1000.33,99.05,keep
8,13,3,1,1009.78,904.03,1009.78,-105.75,replace
8,13,4,0,1177.83,1177.83,1000.33,177.50,keep
8,13,4,1,1009.78,959.01,1009.78,-50.77,replace
8,13,5,0,1260.10,1260.10,1000.33,259.77,keep
8,13,5,1,1041.33,1041.33,1009.78,31.55,keep
8,13,6,0,1336.57,1336.57,1000.33,336.24,keep
8,13,6,1,1120.80,1120.80,1009.78,111.02,keep
8,13,7,0,1404.26,1404.26,1000.33,403.93,keep
8,13,7,1,1204.16,1204.16,1009.78,194.38,keep
8,13,8,0,1456.67,1456.67,1075.39,381.28,keep
8,13,8,1,1326.68,1326.68,1044.31,282.37,keep
8,13,9,0,1677.73,1677.73,1075.39,602.34,keep
8,13,9,1,1501.80,1501.80,1044.31,457.50,keep
8,14,0,0,1007.54,980.50,1007.54,-27.05,replace
8,14,0,1,1013.10,825.70,1013.10,-187.39,replace
8,14,4,0,1133.26,1133.26,1007.54,125.72,keep
8,14,4,1,1013.10,932.00,1013.10,-81.09,replace
8,14,5,0,1222.68,1222.68,1007.54,215.14,keep
8,14,5,1,1014.49,1014.49,1013.10,1.40,keep
8,14,6,0,1309.59,1309.59,1007.54,302.05,keep
8,14,6,1,1103.85,1103.85,1013.10,90.76,keep
8,14,7,0,1389.53,1389.53,1007.54,381.99,keep
8,14,7,1,1197.46,1197.46,1013.10,184.36,keep
8,14,8,0,1456.67,1456.67,1075.39,381.28,keep
8,14,8,1,1326.68,1326.68,1044.31,282.37,keep
8,14,9,0,1677.73,1677.73,1075.39,602.34,keep
8,14,9,1,1501.80,1501.80,1044.31,457.50,keep
8,15,0,0,1014.15,972.47,1014.15,-41.67,replace
8,15,0,1,1016.14,824.15,1016.14,-191.98,replace
8,15,5,0,1188.50,1188.50,1014.15,174.35,keep
8,15,5,1,1016.14,989.99,1016.14,-26.14,replace
8,15,6,0,1284.91,1284.91,1014.15,270.76,keep
8,15,6,1,1088.35,1088.35,1016.14,72.22,keep
8,15,7,0,1376.03,1376.03,1014.15,361.88,keep
8,15,7,1,1191.31,1191.31,1016.14,175.18,keep
8,15,8,0,1456.67,1456.67,1075.39,381.28,keep
8,15,8,1,1326.67,1326.67,1044.31,282.37,keep
8,15,9,0,1677.73,1677.73,1075.39,602.34,keep
8,15,9,1,1501.80,1501.80,1044.31,457.50,keep
8,16,0,0,1020.18,965.14,1020.18,-55.04,replace
8,16,0,1,1018.91,822.72,1018.91,-196.19,replace
8,16,6,0,1262.40,1262.40,1020.18,242.22,keep
8,16,6,1,1074.23,1074.23,1018.91,55.32,keep
8,16,7,0,1363.71,1363.71,1020.18,343.52,keep
8,16,7,1,1185.71,1185.71,1018.91,166.79,keep
8,16,8,0,1456.67,1456.67,1075.39,381.28,keep
8,16,8,1,1326.67,1326.67,1044.31,282.37,keep
8,16,9,0,1677.73,1677.73,1075.39,602.34,keep
8,16,9,1,1501.80,1501.80,1044.31,457.50,keep
8,17,0,0,1025.68,958.45,1025.68,-67.23,replace
8,17,0,1,1021.44,821.41,1021.44,-200.02,replace
8,17,7,0,1352.49,1352.49,1025.68,326.81,keep
8,17,7,1,1180.60,1180.60,1021.44,159.16,keep
8,17,8,0,1456.67,1456.67,1075.39,381.28,keep
8,17,8,1,1326.67,1326.67,1044.31,282.37,keep
8,17,9,0,1677.73,1677.73,1075.39,602.34,keep
8,17,9,1,1501.80,1501.80,1044.31,457.50,keep
8,18,0,0,1030.67,959.22,1030.67,-71.45,replace
8,18,0,1,1023.73,824.98,1023.73,-198.75,replace
8,18,8,0,1456.67,1456.67,1075.39,381.28,keep
8,18,8,1,1326.67,1326.67,1044.31,282.37,keep
8,18,9,0,1677.73,1677.73,1075.39,602.34,keep
8,18,9,1,1501.80,1501.80,1044.31,457.50,keep
8,19,0,0,1043.01,1043.01,1035.19,7.82,keep
8,19,0,1,1025.81,898.03,1025.81,-127.79,replace
8,19,9,0,1677.73,1677.73,1075.39,602.34,keep
8,19,9,1,1501.80,1501.80,1044.31,457.50,keep
8,20,0,0,1145.70,1145.70,1039.29,106.42,keep
8,20,0,1,1070.39,1070.39,1027.70,42.69,keep
9,1,0,0,1818.83,1818.83,1025.34,793.49,keep
9,1,0,1,1472.46,1472.46,1042.13,430.33,keep
9,2,0,0,1709.49,1709.49,955.48,754.02,keep
9,2,0,1,1342.41,1342.41,998.30,344.11,keep
9,3,0,0,1576.06,1576.06,931.22,644.84,keep
9,3,0,1,1206.63,1206.63,982.01,224.62,keep
9,4,0,0,1441.44,1441.44,926.48,514.96,keep
9,4,0,1,1090.93,1090.93,977.57,113.35,keep
9,4,1,0,1674.28,1674.28,926.48,747.80,keep
9,4,1,1,1330.98,1330.98,977.57,353.40,keep
9,5,0,0,1322.94,1322.94,930.57,392.37,keep
9,5,0,1,1004.56,1004.56,978.46,26.09,keep
9,5,1,0,1556.67,1556.67,930.57,626.11,keep
9,5,1,1,1228.95,1228.95,978.46,250.49,keep
9,5,2,0,1575.95,1575.95,930.57,645.38,keep
9,5,2,1,1248.05,1248.05,978.46,269.58,keep
9,6,0,0,1221.02,1221.02,938.53,282.49,keep
9,6,0,1,981.69,938.18,981.69,-43.51,replace
9,6,1,0,1442.40,1442.40,938.53,503.87,keep
9,6,1,1,1131.01,1131.01,981.69,149.32,keep
9,6,2,0,1472.92,1472.92,938.53,534.39,keep
9,6,2,1,1161.23,1161.23,981.69,179.53,keep
9,6,3,0,1493.34,1493.34,938.53,554.81,keep
9,6,3,1,1181.52,1181.52,981.69,199.83,keep
9,7,0,0,1136.88,1136.88,948.05,188.83,keep
9,7,0,1,985.88,885.74,985.88,-100.14,replace
9,7,1,0,1336.08,1336.08,948.05,388.03,keep
9,7,1,1,1041.87,1041.87,985.88,56.00,keep
9,7,2,0,1373.79,1373.79,948.05,425.74,keep
9,7,2,1,1078.39,1078.39,985.88,92.52,keep
9,7,3,0,1406.13,1406.13,948.05,458.08,keep
9,7,3,1,1110.47,1110.47,985.88,124.59,keep
9,7,4,0,1427.75,1427.75,948.05,479.70,keep
9,7,4,1,1132.22,1132.22,985.88,146.34,keep
9,8,0,0,1071.86,1071.86,957.99,113.87,keep
9,8,0,1,990.37,847.84,990.37,-142.53,replace
9,8,1,0,1245.66,1245.66,957.99,287.67,keep
9,8,1,1,990.37,980.45,990.37,-9.91,replace
9,8,2,0,1282.77,1282.77,957.99,324.78,keep
9,8,2,1,1006.47,1006.47,990.37,16.10,keep
9,8,3,0,1322.99,1322.99,957.99,365.00,keep
9,8,3,1,1043.13,1043.13,990.37,52.77,keep
9,8,4,0,1357.24,1357.24,957.99,399.25,keep
9,8,4,1,1077.34,1077.34,990.37,86.98,keep
9,8,5,0,1380.03,1380.03,957.99,422.05,keep
9,8,5,1,1101.31,1101.31,990.37,110.95,keep
9,9,0,0,1027.73,1027.73,967.80,59.93,keep
9,9,0,1,994.84,824.27,994.84,-170.58,replace
9,9,1,0,1162.70,1162.70,967.80,194.90,keep
9,9,1,1,994.84,928.49,994.84,-66.35,replace
9,9,2,0,1204.23,1204.23,967.80,236.43,keep
9,9,2,1,994.84,957.60,994.84,-37.24,replace
9,9,3,0,1246.94,1246.94,967.80,279.14,keep
9,9,3,1,994.84,987.54,994.84,-7.31,replace
9,9,4,0,1290.55,1290.55,967.80,322.75,keep
9,9,4,1,1025.65,1025.65,994.84,30.81,keep
9,9,5,0,1326.74,1326.74,967.80,358.94,keep
9,9,5,1,1062.73,1062.73,994.84,67.89,keep
9,9,6,0,1350.46,1350.46,967.80,382.66,keep
9,9,6,1,1091.79,1091.79,994.84,96.95,keep
9,10,0,0,1006.15,1006.15,977.21,28.93,keep
9,10,0,1,999.16,815.90,999.16,-183.26,replace
9,10,1,0,1085.40,1085.40,977.21,108.19,keep
9,10,1,1,999.16,880.19,999.16,-118.97,replace
9,10,2,0,1131.92,1131.92,977.21,154.71,keep
9,10,2,1,999.16,912.80,999.16,-86.36,replace
9,10,3,0,1179.71,1179.71,977.21,202.50,keep
9,10,3,1,999.16,946.30,999.16,-52.86,replace
9,10,4,0,1228.87,1228.87,977.21,251.65,keep
9,10,4,1,999.16,980.75,999.16,-18.41,replace
9,10,5,0,1276.68,1276.68,977.21,299.46,keep
9,10,5,1,1026.59,1026.59,999.16,27.43,keep
9,10,6,0,1314.64,1314.64,977.21,337.42,keep
9,10,6,1,1069.16,1069.16,999.16,70.00,keep
9,10,7,0,1338.00,1338.00,977.21,360.79,keep
9,10,7,1,1114.36,1114.36,999.16,115.20,keep
9,11,0,0,1007.79,1007.79,986.09,21.70,keep
9,11,0,1,1003.23,831.30,1003.23,-171.93,replace
9,11,1,0,1013.84,1013.84,986.09,27.75,keep
9,11,1,1,1003.23,835.55,1003.23,-167.69,replace
9,11,2,0,1064.92,1064.92,986.09,78.83,keep
9,11,2,1,1003.23,871.35,1003.23,-131.88,replace
9,11,3,0,1118.46,1118.46,986.09,132.37,keep
9,11,3,1,1003.23,908.88,1003.23,-94.35,replace
9,11,4,0,1173.46,1173.46,986.09,187.37,keep
9,11,4,1,1003.23,947.43,1003.23,-55.80,replace
9,11,5,0,1230.03,1230.03,986.09,243.94,keep
9,11,5,1,1003.23,992.98,1003.23,-10.25,replace
9,11,6,0,1281.16,1281.16,986.09,295.07,keep
9,11,6,1,1048.05,1048.05,1003.23,44.82,keep
9,11,7,0,1319.81,1319.81,986.09,333.72,keep
9,11,7,1,1106.08,1106.08,1003.23,102.84,keep
9,11,8,0,1337.60,1337.60,1075.40,262.20,keep
9,11,8,1,1210.85,1210.85,1044.32,166.53,keep
9,12,0,0,996.20,996.20,994.37,1.83,keep
9,12,0,1,1007.04,828.31,1007.04,-178.73,replace
9,12,2,0,1003.16,1003.16,994.37,8.80,keep
9,12,2,1,1007.04,833.20,1007.04,-173.84,replace
9,12,3,0,1061.94,1061.94,994.37,67.58,keep
9,12,3,1,1007.04,874.40,1007.04,-132.64,replace
9,12,4,0,1123.57,1123.57,994.37,129.20,keep
9,12,4,1,1007.04,917.59,1007.04,-89.45,replace
9,12,5,0,1186.86,1186.86,994.37,192.50,keep
9,12,5,1,1007.04,961.96,1007.04,-45.08,replace
9,12,6,0,1250.11,1250.11,994.37,255.74,keep
9,12,6,1,1028.49,1028.49,1007.04,21.45,keep
9,12,7,0,1302.88,1302.88,994.37,308.52,keep
9,12,7,1,1098.37,1098.37,1007.04,91.34,keep
9,12,8,0,1337.59,1337.59,1075.39,262.20,keep
9,12,8,1,1210.84,1210.84,1044.31,166.53,keep
9,12,9,0,1552.90,1552.90,1075.39,477.51,keep
9,12,9,1,1383.19,1383.19,1044.31,338.88,keep
9,13,0,0,1002.02,986.92,1002.02,-15.10,replace
9,13,0,1,1010.56,826.55,1010.56,-184.01,replace
9,13,3,0,1010.05,1010.05,1002.02,8.02,keep
9,13,3,1,1010.56,842.76,1010.56,-167.80,replace
9,13,4,0,1077.69,1077.69,1002.02,75.67,keep
9,13,4,1,1010.56,890.18,1010.56,-120.38,replace
9,13,5,0,1148.61,1148.61,1002.02,146.59,keep
9,13,5,1,1010.56,939.89,1010.56,-70.67,replace
9,13,6,0,1221.46,1221.46,1002.02,219.44,keep
9,13,6,1,1010.56,1010.46,1010.56,-0.10,replace
9,13,7,0,1287.24,1287.24,1002.02,285.21,keep
9,13,7,1,1091.26,1091.26,1010.56,80.70,keep
9,13,8,0,1337.59,1337.59,1075.39,262.20,keep
9,13,8,1,1210.84,1210.84,1044.31,166.53,keep
9,13,9,0,1552.90,1552.90,1075.39,477.51,keep
9,13,9,1,1383.19,1383.19,1044.31,338.88,keep
9,14,0,0,1009.07,978.37,1009.07,-30.71,replace
9,14,0,1,1013.80,824.92,1013.80,-188.88,replace
9,14,4,0,1035.69,1035.69,1009.07,26.61,keep
9,14,4,1,1013.80,865.10,1013.80,-148.70,replace
9,14,5,0,1113.54,1113.54,1009.07,104.47,keep
9,14,5,1,1013.80,919.67,1013.80,-94.13,replace
9,14,6,0,1195.16,1195.16,1009.07,186.09,keep
9,14,6,1,1013.80,993.92,1013.80,-19.88,replace
9,14,7,0,1272.84,1272.84,1009.07,263.77,keep
9,14,7,1,1084.71,1084.71,1013.80,70.91,keep
9,14,8,0,1337.59,1337.59,1075.39,262.20,keep
9,14,8,1,1210.84,1210.84,1044.31,166.53,keep
9,14,9,0,1552.90,1552.90,1075.39,477.51,keep
9,14,9,1,1383.18,1383.18,1044.31,338.88,keep
9,15,0,0,1015.53,970.51,1015.53,-45.02,replace
9,15,0,1,1016.77,823.40,1016.77,-193.37,replace
9,15,5,0,1081.50,1081.50,1015.53,65.97,keep
9,15,5,1,1016.77,901.21,1016.77,-115.57,replace
9,15,6,0,1171.11,1171.11,1015.53,155.57,keep
9,15,6,1,1016.77,978.80,1016.77,-37.97,replace
9,15,7,0,1259.66,1259.66,1015.53,244.13,keep
9,15,7,1,1078.72,1078.72,1016.77,61.95,keep
9,15,8,0,1337.59,1337.59,1075.39,262.20,keep
9,15,8,1,1210.84,1210.84,1044.31,166.53,keep
9,15,9,0,1552.90,1552.90,1075.39,477.51,keep
9,15,9,1,1383.18,1383.18,1044.31,338.88,keep
9,16,0,0,1021.43,963.33,1021.43,-58.10,replace
9,16,0,1,1019.48,822.01,1019.48,-197.47,replace
9,16,6,0,1149.17,1149.17,1021.43,127.74,keep
9,16,6,1,1019.48,965.02,1019.48,-54.47,replace
9,16,7,0,1247.62,1247.62,1021.43,226.19,keep
9,16,7,1,1073.25,1073.25,1019.48,53.76,keep
9,16,8,0,1337.59,1337.59,1075.39,262.20,keep
9,16,8,1,1210.84,1210.84,1044.31,166.53,keep
9,16,9,0,1552.90,1552.90,1075.39,477.51,keep
9,16,9,1,1383.18,1383.18,1044.31,338.88,keep
9,17,0,0,1026.80,956.77,1026.80,-70.03,replace
9,17,0,1,1021.95,820.74,1021.95,-201.22,replace
9,17,7,0,1236.66,1236.66,1026.80,209.86,keep
9,17,7,1,1068.26,1068.26,1021.95,46.31,keep
9,17,8,0,1337.59,1337.59,1075.39,262.20,keep
9,17,8,1,1210.84,1210.84,1044.31,166.53,keep
9,17,9,0,1552.90,1552.90,1075.39,477.51,keep
9,17,9,1,1383.18,1383.18,1044.31,338.88,keep
9,18,0,0,1031.68,952.92,1031.68,-78.76,replace
9,18,0,1,1024.20,821.04,1024.20,-203.15,replace
9,18,8,0,1337.59,1337.59,1075.39,262.20,keep
9,18,8,1,1210.84,1210.84,1044.31,166.53,keep
9,18,9,0,1552.90,1552.90,1075.39,477.51,keep
9,18,9,1,1383.18,1383.18,1044.31,338.88,keep
9,19,0,0,1038.52,1038.52,1036.10,2.42,keep
9,19,0,1,1026.23,895.03,1026.23,-131.20,replace
9,19,9,0,1552.90,1552.90,1075.39,477.51,keep
9,19,9,1,1383.18,1383.18,1044.31,338.88,keep
9,20,0,0,1143.71,1143.71,1040.10,103.61,keep
9,20,0,1,1068.98,1068.98,1028.07,40.91,keep
10,1,0,0,1688.66,1688.66,1028.72,659.94,keep
10,1,0,1,1355.82,1355.82,1043.69,312.13,keep
10,2,0,0,1586.37,1586.37,960.70,625.67,keep
10,2,0,1,1234.68,1234.68,1000.71,233.97,keep
10,3,0,0,1461.58,1461.58,937.01,524.57,keep
10,3,0,1,1111.81,1111.81,984.67,127.13,keep
10,4,0,0,1346.91,1346.91,932.29,414.62,keep
10,4,0,1,1021.71,1021.71,980.25,41.46,keep
10,4,1,0,1536.15,1536.15,932.29,603.85,keep
10,4,1,1,1205.69,1205.69,980.25,225.45,keep
10,5,0,0,1246.67,1246.67,936.15,310.51,keep
10,5,0,1,981.03,954.83,981.03,-26.21,replace
10,5,1,0,1429.13,1429.13,936.15,492.98,keep
10,5,1,1,1113.74,1113.74,981.03,132.70,keep
10,5,2,0,1444.91,1444.91,936.15,508.75,keep
10,5,2,1,1129.13,1129.13,981.03,148.10,keep
10,6,0,0,1160.24,1160.24,943.78,216.46,keep
10,6,0,1,984.11,899.72,984.11,-84.39,replace
10,6,1,0,1331.71,1331.71,943.78,387.93,keep
10,6,1,1,1034.08,1034.08,984.11,49.97,keep
10,6,2,0,1352.10,1352.10,943.78,408.31,keep
10,6,2,1,1052.69,1052.69,984.11,68.58,keep
10,6,3,0,1368.89,1368.89,943.78,425.11,keep
10,6,3,1,1068.49,1068.49,984.11,84.38,keep
10,7,0,0,1089.65,1089.65,952.92,136.74,keep
10,7,0,1,988.12,857.16,988.12,-130.96,replace
10,7,1,0,1244.13,1244.13,952.92,291.21,keep
10,7,1,1,988.12,976.76,988.12,-11.36,replace
10,7,2,0,1269.04,1269.04,952.92,316.12,keep
10,7,2,1,994.36,994.36,988.12,6.25,keep
10,7,3,0,1291.21,1291.21,952.92,338.29,keep
10,7,3,1,1010.03,1010.03,988.12,21.91,keep
10,7,4,0,1309.31,1309.31,952.92,356.39,keep
10,7,4,1,1024.62,1024.62,988.12,36.50,keep
10,8,0,0,1037.12,1037.12,962.47,74.64,keep
10,8,0,1,992.43,827.29,992.43,-165.14,replace
10,8,1,0,1161.43,1161.43,962.47,198.96,keep
10,8,1,1,992.43,924.56,992.43,-67.87,replace
10,8,2,0,1191.86,1191.86,962.47,229.38,keep
10,8,2,1,992.43,946.06,992.43,-46.37,replace
10,8,3,0,1220.80,1220.80,962.47,258.32,keep
10,8,3,1,992.43,966.51,992.43,-25.92,replace
10,8,4,0,1246.54,1246.54,962.47,284.07,keep
10,8,4,1,992.43,984.70,992.43,-7.73,replace
10,8,5,0,1266.93,1266.93,962.47,304.45,keep
10,8,5,1,999.11,999.11,992.43,6.68,keep
10,9,0,0,1004.67,1004.67,971.91,32.75,keep
10,9,0,1,996.73,811.09,996.73,-185.65,replace
10,9,1,0,1083.70,1083.70,971.91,111.79,keep
10,9,1,1,996.73,875.66,996.73,-121.07,replace
10,9,2,0,1119.17,1119.17,971.91,147.26,keep
10,9,2,1,996.73,900.74,996.73,-96.00,replace
10,9,3,0,1154.51,1154.51,971.91,182.60,keep
10,9,3,1,996.73,925.71,996.73,-71.02,replace
10,9,4,0,1188.13,1188.13,971.91,216.22,keep
10,9,4,1,996.73,949.47,996.73,-47.27,replace
10,9,5,0,1218.03,1218.03,971.91,246.12,keep
10,9,5,1,996.73,970.59,996.73,-26.14,replace
10,9,6,0,1241.71,1241.71,971.91,269.79,keep
10,9,6,1,996.73,991.44,996.73,-5.29,replace
10,10,0,0,992.96,992.96,980.96,12.00,keep
10,10,0,1,1000.88,808.79,1000.88,-192.09,replace
10,10,1,0,1022.77,1022.77,980.96,41.81,keep
10,10,1,1,1000.88,838.35,1000.88,-162.53,replace
10,10,2,0,1051.33,1051.33,980.96,70.36,keep
10,10,2,1,1000.88,858.53,1000.88,-142.35,replace
10,10,3,0,1092.53,1092.53,980.96,111.57,keep
10,10,3,1,1000.88,887.65,1000.88,-113.23,replace
10,10,4,0,1133.58,1133.58,980.96,152.62,keep
10,10,4,1,1000.88,916.66,1000.88,-84.22,replace
10,10,5,0,1172.62,1172.62,980.96,191.66,keep
10,10,5,1,1000.88,944.25,1000.88,-56.63,replace
10,10,6,0,1207.35,1207.35,980.96,226.39,keep
10,10,6,1,1000.88,969.71,1000.88,-31.17,replace
10,10,7,0,1233.38,1233.38,980.96,252.41,keep
10,10,7,1,1016.17,1016.17,1000.88,15.29,keep
10,11,0,0,1001.83,1001.83,989.50,12.33,keep
10,11,0,1,1004.80,828.94,1004.80,-175.86,replace
10,11,1,0,1001.83,1001.83,989.50,12.33,keep
10,11,1,1,1004.80,828.94,1004.80,-175.86,replace
10,11,2,0,1001.83,1001.83,989.50,12.33,keep
10,11,2,1,1004.80,828.94,1004.80,-175.86,replace
10,11,3,0,1035.00,1035.00,989.50,45.50,keep
10,11,3,1,1004.80,852.38,1004.80,-152.42,replace
10,11,4,0,1082.86,1082.86,989.50,93.36,keep
10,11,4,1,1004.80,886.20,1004.80,-118.60,replace
10,11,5,0,1130.54,1130.54,989.50,141.04,keep
10,11,5,1,1004.80,919.90,1004.80,-84.91,replace
10,11,6,0,1175.88,1175.88,989.50,186.38,keep
10,11,6,1,1004.80,951.94,1004.80,-52.86,replace
10,11,7,0,1215.89,1215.89,989.50,226.39,keep
10,11,7,1,1008.22,1008.22,1004.80,3.42,keep
10,11,8,0,1236.06,1236.06,1075.40,160.66,keep
10,11,8,1,1112.58,1112.58,1044.32,68.26,keep
10,12,0,0,997.46,992.19,997.46,-5.27,replace
10,12,0,1,1008.46,827.14,1008.46,-181.32,replace
10,12,2,0,997.46,992.19,997.46,-5.27,replace
10,12,2,1,1008.46,827.14,1008.46,-181.32,replace
10,12,3,0,997.46,992.19,997.46,-5.27,replace
10,12,3,1,1008.46,827.14,1008.46,-181.32,replace
10,12,4,0,1035.98,1035.98,997.46,38.52,keep
10,12,4,1,1008.46,858.09,1008.46,-150.37,replace
10,12,5,0,1091.57,1091.57,997.46,94.11,keep
10,12,5,1,1008.46,897.38,1008.46,-111.08,replace
10,12,6,0,1146.95,1146.95,997.46,149.49,keep
10,12,6,1,1008.46,936.51,1008.46,-71.95,replace
10,12,7,0,1199.62,1199.62,997.46,202.16,keep
10,12,7,1,1008.46,1000.82,1008.46,-7.64,replace
10,12,8,0,1236.06,1236.06,1075.39,160.66,keep
10,12,8,1,1112.57,1112.57,1044.31,68.26,keep
10,12,9,0,1446.55,1446.55,1075.39,371.16,keep
10,12,9,1,1283.12,1283.12,1044.31,238.81,keep
10,13,0,0,1004.83,983.25,1004.83,-21.58,replace
10,13,0,1,1011.85,825.46,1011.85,-186.39,replace
10,13,3,0,1004.83,983.25,1004.83,-21.58,replace
10,13,3,1,1011.85,825.46,1011.85,-186.39,replace
10,13,4,0,1004.83,992.88,1004.83,-11.94,replace
10,13,4,1,1011.85,832.27,1011.85,-179.58,replace
10,13,5,0,1055.70,1055.70,1004.83,50.87,keep
10,13,5,1,1011.85,876.65,1011.85,-135.19,replace
10,13,6,0,1120.26,1120.26,1004.83,115.43,keep
10,13,6,1,1011.85,922.28,1011.85,-89.57,replace
10,13,7,0,1184.58,1184.58,1004.83,179.75,keep
10,13,7,1,1011.85,993.99,1011.85,-17.86,replace
10,13,8,0,1236.05,1236.05,1075.39,160.66,keep
10,13,8,1,1112.56,1112.56,1044.31,68.26,keep
10,13,9,0,1446.55,1446.55,1075.39,371.16,keep
10,13,9,1,1283.12,1283.12,1044.31,238.81,keep
10,14,0,0,1011.61,975.00,1011.61,-36.61,replace
10,14,0,1,1014.97,823.89,1014.97,-191.08,replace
10,14,4,0,1011.61,975.00,1011.61,-36.61,replace
10,14,4,1,1014.97,823.89,1014.97,-191.08,replace
10,14,5,0,1022.80,1022.80,1011.61,11.19,keep
10,14,5,1,1014.97,857.67,1014.97,-157.30,replace
10,14,6,0,1095.76,1095.76,1011.61,84.15,keep
10,14,6,1,1014.97,909.22,1014.97,-105.74,replace
10,14,7,0,1170.75,1170.75,1011.61,159.14,keep
10,14,7,1,1014.97,987.70,1014.97,-27.26,replace
10,14,8,0,1236.05,1236.05,1075.39,160.66,keep
10,14,8,1,1112.56,1112.56,1044.31,68.26,keep
10,14,9,0,1446.55,1446.55,1075.39,371.16,keep
10,14,9,1,1283.12,1283.12,1044.31,238.81,keep
10,15,0,0,1017.82,967.43,1017.82,-50.39,replace
10,15,0,1,1017.82,822.44,1017.82,-195.39,replace
10,15,5,0,1017.82,992.75,1017.82,-25.07,replace
10,15,5,1,1017.82,840.33,1017.82,-177.49,replace
10,15,6,0,1073.34,1073.34,1017.82,55.52,keep
10,15,6,1,1017.82,897.28,1017.82,-120.54,replace
10,15,7,0,1158.08,1158.08,1017.82,140.26,keep
10,15,7,1,1017.82,981.95,1017.82,-35.88,replace
10,15,8,0,1236.05,1236.05,1075.39,160.66,keep
10,15,8,1,1112.56,1112.56,1044.31,68.26,keep
10,15,9,0,1446.55,1446.55,1075.39,371.16,keep
10,15,9,1,1283.12,1283.12,1044.31,238.81,keep
10,16,0,0,1023.49,960.50,1023.49,-62.99,replace
10,16,0,1,1020.43,821.10,1020.43,-199.33,replace
10,16,6,0,1052.90,1052.90,1023.49,29.41,keep
10,16,6,1,1020.43,886.40,1020.43,-134.04,replace
10,16,7,0,1146.51,1146.51,1023.49,123.02,keep
10,16,7,1,1020.43,976.69,1020.43,-43.74,replace
10,16,8,0,1236.05,1236.05,1075.39,160.66,keep
10,16,8,1,1112.56,1112.56,1044.31,68.26,keep
10,16,9,0,1446.55,1446.55,1075.39,371.16,keep
10,16,9,1,1283.12,1283.12,1044.31,238.81,keep
10,17,0,0,1028.66,954.19,1028.66,-74.47,replace
10,17,0,1,1022.81,819.88,1022.81,-202.93,replace
10,17,7,0,1135.97,1135.97,1028.66,107.32,keep
10,17,7,1,1022.81,971.91,1022.81,-50.90,replace
10,17,8,0,1236.05,1236.05,1075.39,160.66,keep
10,17,8,1,1112.56,1112.56,1044.31,68.26,keep
10,17,9,0,1446.55,1446.55,1075.39,371.16,keep
10,17,9,1,1283.12,1283.12,1044.31,238.81,keep
10,18,0,0,1033.35,948.44,1033.35,-84.90,replace
10,18,0,1,1024.97,818.76,1024.97,-206.21,replace
10,18,8,0,1236.05,1236.05,1075.39,160.66,keep
10,18,8,1,1112.56,1112.56,1044.31,68.26,keep
10,18,9,0,1446.55,1446.55,1075.39,371.16,keep
10,18,9,1,1283.12,1283.12,1044.31,238.81,keep
10,19,0,0,1037.60,1031.81,1037.60,-5.79,replace
10,19,0,1,1026.92,890.67,1026.92,-136.26,replace
10,19,9,0,1446.55,1446.55,1075.39,371.16,keep
10,19,9,1,1283.12,1283.12,1044.31,238.81,keep
10,20,0,0,1140.64,1140.64,1041.45,99.19,keep
10,20,0,1,1067.07,1067.07,1028.69,38.38,keep
11,1,0,0,1577.97,1577.97,1032.20,545.78,keep
11,1,0,1,1258.89,1258.89,1045.29,213.60,keep
11,2,0,0,1484.09,1484.09,966.07,518.02,keep
11,2,0,1,1148.21,1148.21,1003.17,145.03,keep
11,3,0,0,1369.24,1369.24,942.95,426.29,keep
11,3,0,1,1040.62,1040.62,987.41,53.21,keep
11,4,0,0,1271.63,1271.63,938.26,333.37,keep
11,4,0,1,982.99,972.78,982.99,-10.21,replace
11,4,1,0,1428.67,1428.67,938.26,490.41,keep
11,4,1,1,1111.71,1111.71,982.99,128.72,keep
11,5,0,0,1184.93,1184.93,941.89,243.04,keep
11,5,0,1,983.67,915.72,983.67,-67.95,replace
11,5,1,0,1335.47,1335.47,941.89,393.59,keep
11,5,1,1,1035.11,1035.11,983.67,51.44,keep
11,5,2,0,1346.39,1346.39,941.89,404.50,keep
11,5,2,1,1045.11,1045.11,983.67,61.44,keep
11,6,0,0,1111.14,1111.14,949.17,161.97,keep
11,6,0,1,986.59,869.80,986.59,-116.79,replace
11,6,1,0,1250.35,1250.35,949.17,301.18,keep
11,6,1,1,986.59,979.17,986.59,-7.42,replace
11,6,2,0,1266.32,1266.32,949.17,317.15,keep
11,6,2,1,990.55,990.55,986.59,3.97,keep
11,6,3,0,1278.21,1278.21,949.17,329.04,keep
11,6,3,1,999.04,999.04,986.59,12.45,keep
11,7,0,0,1052.51,1052.51,957.92,94.59,keep
11,7,0,1,990.42,834.97,990.42,-155.45,replace
11,7,1,0,1168.84,1168.84,957.92,210.92,keep
11,7,1,1,990.42,927.14,990.42,-63.28,replace
11,7,2,0,1190.20,1190.20,957.92,232.28,keep
11,7,2,1,990.42,942.37,990.42,-48.05,replace
11,7,3,0,1208.93,1208.93,957.92,251.01,keep
11,7,3,1,990.42,955.73,990.42,-34.69,replace
11,7,4,0,1222.89,1222.89,957.92,264.97,keep
11,7,4,1,990.42,965.69,990.42,-24.73,replace
11,8,0,0,1011.39,1011.39,967.08,44.31,keep
11,8,0,1,994.55,812.26,994.55,-182.29,replace
11,8,1,0,1091.41,1091.41,967.08,124.33,keep
11,8,1,1,994.55,878.01,994.55,-116.54,replace
11,8,2,0,1117.72,1117.72,967.08,150.64,keep
11,8,2,1,994.55,896.78,994.55,-97.77,replace
11,8,3,0,1142.78,1142.78,967.08,175.70,keep
11,8,3,1,994.55,914.65,994.55,-79.90,replace
11,8,4,0,1164.76,1164.76,967.08,197.68,keep
11,8,4,1,994.55,930.32,994.55,-64.23,replace
11,8,5,0,1181.14,1181.14,967.08,214.06,keep
11,8,5,1,994.55,942.00,994.55,-52.55,replace
11,9,0,0,988.47,988.47,976.13,12.34,keep
11,9,0,1,998.68,802.11,998.68,-196.57,replace
11,9,1,0,1040.11,1040.11,976.13,63.98,keep
11,9,1,1,998.68,847.32,998.68,-151.36,replace
11,9,2,0,1049.46,1049.46,976.13,73.33,keep
11,9,2,1,998.68,853.99,998.68,-144.68,replace
11,9,3,0,1080.34,1080.34,976.13,104.21,keep
11,9,3,1,998.68,876.01,998.68,-122.66,replace
11,9,4,0,1109.74,1109.74,976.13,133.61,keep
11,9,4,1,998.68,896.98,998.68,-101.70,replace
11,9,5,0,1135.54,1135.54,976.13,159.41,keep
11,9,5,1,998.68,915.37,998.68,-83.30,replace
11,9,6,0,1154.75,1154.75,976.13,178.62,keep
11,9,6,1,998.68,929.08,998.68,-69.60,replace
11,10,0,0,984.81,981.17,984.81,-3.64,replace
11,10,0,1,1002.65,802.61,1002.65,-200.04,replace
11,10,1,0,1010.97,1010.97,984.81,26.16,keep
11,10,1,1,1002.65,832.14,1002.65,-170.51,replace
11,10,2,0,1010.97,1010.97,984.81,26.16,keep
11,10,2,1,1002.65,832.14,1002.65,-170.51,replace
11,10,3,0,1021.95,1021.95,984.81,37.13,keep
11,10,3,1,1002.65,839.97,1002.65,-162.68,replace
11,10,4,0,1058.18,1058.18,984.81,73.36,keep
11,10,4,1,1002.65,865.80,1002.65,-136.85,replace
11,10,5,0,1092.67,1092.67,984.81,107.86,keep
11,10,5,1,1002.65,890.41,1002.65,-112.24,replace
11,10,6,0,1122.94,1122.94,984.81,138.12,keep
11,10,6,1,1002.65,911.99,1002.65,-90.66,replace
11,10,7,0,1145.48,1145.48,984.81,160.67,keep
11,10,7,1,1002.65,938.01,1002.65,-64.65,replace
11,11,0,0,997.34,997.34,993.00,4.34,keep
11,11,0,1,1006.41,827.68,1006.41,-178.73,replace
11,11,1,0,997.34,997.34,993.00,4.34,keep
11,11,1,1,1006.41,827.68,1006.41,-178.73,replace
11,11,2,0,997.34,997.34,993.00,4.34,keep
11,11,2,1,1006.41,827.68,1006.41,-178.73,replace
11,11,3,0,997.34,997.34,993.00,4.34,keep
11,11,3,1,1006.41,827.68,1006.41,-178.73,replace
11,11,4,0,1010.22,1010.22,993.00,17.22,keep
11,11,4,1,1006.41,836.86,1006.41,-169.55,replace
11,11,5,0,1052.73,1052.73,993.00,59.73,keep
11,11,5,1,1006.41,867.18,1006.41,-139.23,replace
11,11,6,0,1093.21,1093.21,993.00,100.21,keep
11,11,6,1,1006.41,896.05,1006.41,-110.37,replace
11,11,7,0,1128.72,1128.72,993.00,135.72,keep
11,11,7,1,1006.41,930.39,1006.41,-76.03,replace
11,11,8,0,1151.11,1151.11,1075.40,75.71,keep
11,11,8,1,1044.32,1030.87,1044.32,-13.45,replace
11,12,0,0,1000.64,988.07,1000.64,-12.57,replace
11,12,0,1,1009.92,825.96,1009.92,-183.96,replace
11,12,2,0,1000.64,988.07,1000.64,-12.57,replace
11,12,2,1,1009.92,825.96,1009.92,-183.96,replace
11,12,3,0,1000.64,988.07,1000.64,-12.57,replace
11,12,3,1,1009.92,825.96,1009.92,-183.96,replace
11,12,4,0,1000.64,988.07,1000.64,-12.57,replace
11,12,4,1,1009.92,825.96,1009.92,-183.96,replace
11,12,5,0,1015.75,1015.75,1000.64,15.11,keep
11,12,5,1,1009.92,845.70,1009.92,-164.22,replace
11,12,6,0,1065.63,1065.63,1000.64,64.99,keep
11,12,6,1,1009.92,881.27,1009.92,-128.65,replace
11,12,7,0,1113.12,1113.12,1000.64,112.49,keep
11,12,7,1,1009.92,923.30,1009.92,-86.62,replace
11,12,8,0,1151.10,1151.10,1075.39,75.71,keep
11,12,8,1,1044.31,1030.86,1044.31,-13.45,replace
11,12,9,0,1357.73,1357.73,1075.39,282.33,keep
11,12,9,1,1200.53,1200.53,1044.31,156.22,keep
11,13,0,0,1007.70,979.47,1007.70,-28.24,replace
11,13,0,1,1013.17,824.34,1013.17,-188.83,replace
11,13,3,0,1007.70,979.47,1007.70,-28.24,replace
11,13,3,1,1013.17,824.34,1013.17,-188.83,replace
11,13,4,0,1007.70,979.47,1007.70,-28.24,replace
11,13,4,1,1013.17,824.34,1013.17,-188.83,replace
11,13,5,0,1007.70,981.69,1007.70,-26.01,replace
11,13,5,1,1013.17,825.93,1013.17,-187.24,replace
11,13,6,0,1040.18,1040.18,1007.70,32.48,keep
11,13,6,1,1013.17,867.64,1013.17,-145.53,replace
11,13,7,0,1098.70,1098.70,1007.70,91.00,keep
11,13,7,1,1013.17,916.76,1013.17,-96.41,replace
11,13,8,0,1151.10,1151.10,1075.39,75.71,keep
11,13,8,1,1044.31,1030.85,1044.31,-13.45,replace
11,13,9,0,1357.72,1357.72,1075.39,282.33,keep
11,13,9,1,1200.53,1200.53,1044.31,156.22,keep
11,14,0,0,1014.21,971.54,1014.21,-42.67,replace
11,14,0,1,1016.16,822.84,1016.16,-193.32,replace
11,14,4,0,1014.21,971.54,1014.21,-42.67,replace
11,14,4,1,1016.16,822.84,1016.16,-193.32,replace
11,14,5,0,1014.21,971.54,1014.21,-42.67,replace
11,14,5,1,1016.16,822.84,1016.16,-193.32,replace
11,14,6,0,1016.82,1016.82,1014.21,2.61,keep
11,14,6,1,1016.16,855.14,1016.16,-161.02,replace
11,14,7,0,1085.44,1085.44,1014.21,71.24,keep
11,14,7,1,1016.16,910.74,1016.16,-105.42,replace
11,14,8,0,1151.10,1151.10,1075.39,75.71,keep
11,14,8,1,1044.31,1030.85,1044.31,-13.45,replace
11,14,9,0,1357.72,1357.72,1075.39,282.33,keep
11,14,9,1,1200.53,1200.53,1044.31,156.22,keep
11,15,0,0,1020.17,964.25,1020.17,-55.91,replace
11,15,0,1,1018.90,821.46,1018.90,-197.44,replace
11,15,5,0,1020.17,964.25,1020.17,-55.91,replace
11,15,5,1,1018.90,821.46,1018.90,-197.44,replace
11,15,6,0,1020.17,995.45,1020.17,-24.72,replace
11,15,6,1,1018.90,843.70,1018.90,-175.20,replace
11,15,7,0,1073.30,1073.30,1020.17,53.13,keep
11,15,7,1,1018.90,905.22,1018.90,-113.68,replace
11,15,8,0,1151.10,1151.10,1075.39,75.71,keep
11,15,8,1,1044.31,1030.85,1044.31,-13.45,replace
11,15,9,0,1357.72,1357.72,1075.39,282.33,keep
11,15,9,1,1200.52,1200.52,1044.31,156.22,keep
11,16,0,0,1025.61,957.59,1025.61,-68.01,replace
11,16,0,1,1021.41,820.18,1021.41,-201.22,replace
11,16,6,0,1025.61,975.96,1025.61,-49.65,replace
11,16,6,1,1021.41,833.28,1021.41,-188.13,replace
11,16,7,0,1062.21,1062.21,1025.61,36.60,keep
11,16,7,1,1021.41,900.19,1021.41,-121.21,replace
11,16,8,0,1151.10,1151.10,1075.39,75.71,keep
11,16,8,1,1044.31,1030.85,1044.31,-13.45,replace
11,16,9,0,1357.72,1357.72,1075.39,282.33,keep
11,16,9,1,1200.52,1200.52,1044.31,156.22,keep
11,17,0,0,1030.56,951.52,1030.56,-79.04,replace
11,17,0,1,1023.68,819.01,1023.68,-204.67,replace
11,17,7,0,1052.11,1052.11,1030.56,21.55,keep
11,17,7,1,1023.68,895.61,1023.68,-128.08,replace
11,17,8,0,1151.10,1151.10,1075.39,75.71,keep
11,17,8,1,1044.31,1030.85,1044.31,-13.45,replace
11,17,9,0,1357.72,1357.72,1075.39,282.33,keep
11,17,9,1,1200.52,1200.52,1044.31,156.22,keep
11,18,0,0,1035.06,946.00,1035.06,-89.06,replace
11,18,0,1,1025.75,817.94,1025.75,-207.81,replace
11,18,8,0,1151.10,1151.10,1075.39,75.71,keep
11,18,8,1,1044.31,1030.85,1044.31,-13.45,replace
11,18,9,0,1357.72,1357.72,1075.39,282.33,keep
11,18,9,1,1200.52,1200.52,1044.31,156.22,keep
11,19,0,0,1039.14,1024.93,1039.14,-14.21,replace
11,19,0,1,1027.63,886.22,1027.63,-141.41,replace
11,19,9,0,1357.72,1357.72,1075.39,282.33,keep
11,19,9,1,1200.52,1200.52,1044.31,156.22,keep
11,20,0,0,1137.49,1137.49,1042.83,94.66,keep
11,20,0,1,1065.14,1065.14,1029.33,35.81,keep
12,1,0,0,1485.79,1485.79,1035.58,450.20,keep
12,1,0,1,1180.38,1180.38,1046.84,133.54,keep
12,2,0,0,1400.92,1400.92,971.30,429.62,keep
12,2,0,1,1081.51,1081.51,1005.58,75.93,keep
12,3,0,0,1296.13,1296.13,948.74,347.39,keep
12,3,0,1,993.18,993.18,990.07,3.11,keep
12,4,0,0,1211.29,1211.29,944.07,267.22,keep
12,4,0,1,985.66,934.54,985.66,-51.12,replace
12,4,1,0,1342.41,1342.41,944.07,398.34,keep
12,4,1,1,1040.76,1040.76,985.66,55.09,keep
12,5,0,0,1136.91,1136.91,947.47,189.44,keep
12,5,0,1,986.24,886.52,986.24,-99.72,replace
12,5,1,0,1260.67,1260.67,947.47,313.20,keep
12,5,1,1,986.24,985.38,986.24,-0.86,replace
12,5,2,0,1268.94,1268.94,947.47,321.46,keep
12,5,2,1,991.34,991.34,986.24,5.10,keep
12,6,0,0,1074.98,1074.98,954.42,120.56,keep
12,6,0,1,989.00,848.28,989.00,-140.72,replace
12,6,1,0,1181.55,1181.55,954.42,227.12,keep
12,6,1,1,989.00,934.05,989.00,-54.95,replace
12,6,2,0,1195.02,1195.02,954.42,240.60,keep
12,6,2,1,989.00,943.76,989.00,-45.24,replace
12,6,3,0,1204.83,1204.83,954.42,250.41,keep
12,6,3,1,989.00,950.83,989.00,-38.17,replace
12,7,0,0,1027.73,1027.73,962.80,64.94,keep
12,7,0,1,992.66,820.66,992.66,-172.01,replace
12,7,1,0,1109.35,1109.35,962.80,146.56,keep
12,7,1,1,992.66,888.00,992.66,-104.66,replace
12,7,2,0,1123.74,1123.74,962.80,160.95,keep
12,7,2,1,992.66,898.37,992.66,-94.29,replace
12,7,3,0,1139.73,1139.73,962.80,176.94,keep
12,7,3,1,992.66,909.89,992.66,-82.78,replace
12,7,4,0,1151.37,1151.37,962.80,188.58,keep
12,7,4,1,992.66,918.27,992.66,-74.39,replace
12,8,0,0,996.42,996.42,971.57,24.85,keep
12,8,0,1,996.61,804.38,996.61,-192.24,replace
12,8,1,0,1060.49,1060.49,971.57,88.92,keep
12,8,1,1,996.61,858.74,996.61,-137.87,replace
12,8,2,0,1060.49,1060.49,971.57,88.92,keep
12,8,2,1,996.61,858.74,996.61,-137.87,replace
12,8,3,0,1077.57,1077.57,971.57,106.00,keep
12,8,3,1,996.61,871.05,996.61,-125.57,replace
12,8,4,0,1096.54,1096.54,971.57,124.97,keep
12,8,4,1,996.61,884.71,996.61,-111.90,replace
12,8,5,0,1110.36,1110.36,971.57,138.79,keep
12,8,5,1,996.61,894.67,996.61,-101.95,replace
12,9,0,0,982.85,982.85,980.24,2.61,keep
12,9,0,1,1000.57,800.52,1000.57,-200.05,replace
12,9,1,0,1024.37,1024.37,980.24,44.13,keep
12,9,1,1,1000.57,838.47,1000.57,-162.09,replace
12,9,2,0,1024.37,1024.37,980.24,44.13,keep
12,9,2,1,1000.57,838.47,1000.57,-162.09,replace
12,9,3,0,1024.37,1024.37,980.24,44.13,keep
12,9,3,1,1000.57,838.47,1000.57,-162.09,replace
12,9,4,0,1044.64,1044.64,980.24,64.40,keep
12,9,4,1,1000.57,853.08,1000.57,-147.49,replace
12,9,5,0,1067.15,1067.15,980.24,86.91,keep
12,9,5,1,1000.57,869.29,1000.57,-131.27,replace
12,9,6,0,1083.54,1083.54,980.24,103.30,keep
12,9,6,1,1000.57,881.10,1000.57,-119.46,replace
12,10,0,0,988.56,972.71,988.56,-15.85,replace
12,10,0,1,1004.38,798.68,1004.38,-205.69,replace
12,10,1,0,1002.49,1002.49,988.56,13.93,keep
12,10,1,1,1004.38,828.18,1004.38,-176.20,replace
12,10,2,0,1002.49,1002.49,988.56,13.93,keep
12,10,2,1,1004.38,828.18,1004.38,-176.20,replace
12,10,3,0,1002.49,1002.49,988.56,13.93,keep
12,10,3,1,1004.38,828.18,1004.38,-176.20,replace
12,10,4,0,1002.49,1002.49,988.56,13.93,keep
12,10,4,1,1004.38,828.18,1004.38,-176.20,replace
12,10,5,0,1026.54,1026.54,988.56,37.98,keep
12,10,5,1,1004.38,845.51,1004.38,-158.87,replace
12,10,6,0,1053.25,1053.25,988.56,64.69,keep
12,10,6,1,1004.38,864.75,1004.38,-139.62,replace
12,10,7,0,1072.70,1072.70,988.56,84.14,keep
12,10,7,1,1004.38,888.02,1004.38,-116.36,replace
12,11,0,0,996.41,992.94,996.41,-3.47,replace
12,11,0,1,1007.98,826.44,1007.98,-181.54,replace
12,11,1,0,996.41,992.94,996.41,-3.47,replace
12,11,1,1,1007.98,826.44,1007.98,-181.54,replace
12,11,2,0,996.41,992.94,996.41,-3.47,replace
12,11,2,1,1007.98,826.44,1007.98,-181.54,replace
12,11,3,0,996.41,992.94,996.41,-3.47,replace
12,11,3,1,1007.98,826.44,1007.98,-181.54,replace
12,11,4,0,996.41,992.94,996.41,-3.47,replace
12,11,4,1,1007.98,826.44,1007.98,-181.54,replace
12,11,5,0,996.41,992.94,996.41,-3.47,replace
12,11,5,1,1007.98,826.44,1007.98,-181.54,replace
12,11,6,0,1024.95,1024.95,996.41,28.54,keep
12,11,6,1,1007.98,849.49,1007.98,-158.49,replace
12,11,7,0,1056.65,1056.65,996.41,60.23,keep
12,11,7,1,1007.98,880.73,1007.98,-127.25,replace
12,11,8,0,1075.40,895.75,1075.40,-179.65,replace
12,11,8,1,1044.32,807.77,1044.32,-236.55,replace
12,12,0,0,1003.73,984.03,1003.73,-19.70,replace
12,12,0,1,1011.34,824.79,1011.34,-186.55,replace
12,12,2,0,1003.73,984.03,1003.73,-19.70,replace
12,12,2,1,1011.34,824.79,1011.34,-186.55,replace
12,12,3,0,1003.73,984.03,1003.73,-19.70,replace
12,12,3,1,1011.34,824.79,1011.34,-186.55,replace
12,12,4,0,1003.73,984.03,1003.73,-19.70,replace
12,12,4,1,1011.34,824.79,1011.34,-186.55,replace
12,12,5,0,1003.73,984.03,1003.73,-19.70,replace
12,12,5,1,1011.34,824.79,1011.34,-186.55,replace
12,12,6,0,1003.73,998.68,1003.73,-5.05,replace
12,12,6,1,1011.34,835.35,1011.34,-175.99,replace
12,12,7,0,1041.71,1041.71,1003.73,37.98,keep
12,12,7,1,1011.34,873.95,1011.34,-137.40,replace
12,12,8,0,1075.39,895.74,1075.39,-179.65,replace
12,12,8,1,1044.31,807.76,1044.31,-236.55,replace
12,12,9,0,1075.39,552.98,1075.39,-522.41,replace
12,12,9,1,1044.31,552.03,1044.31,-492.28,replace
12,13,0,0,1010.50,975.76,1010.50,-34.74,replace
12,13,0,1,1014.46,823.25,1014.46,-191.21,replace
12,13,3,0,1010.50,975.76,1010.50,-34.74,replace
12,13,3,1,1014.46,823.25,1014.46,-191.21,replace
12,13,4,0,1010.50,975.76,1010.50,-34.74,replace
12,13,4,1,1014.46,823.25,1014.46,-191.21,replace
12,13,5,0,1010.50,975.76,1010.50,-34.74,replace
12,13,5,1,1014.46,823.25,1014.46,-191.21,replace
12,13,6,0,1010.50,975.76,1010.50,-34.74,replace
12,13,6,1,1014.46,823.25,1014.46,-191.21,replace
12,13,7,0,1027.90,1027.90,1010.50,17.39,keep
12,13,7,1,1014.46,867.68,1014.46,-146.78,replace
12,13,8,0,1075.39,895.74,1075.39,-179.65,replace
12,13,8,1,1044.31,807.76,1044.31,-236.55,replace
12,13,9,0,1075.39,552.98,1075.39,-522.41,replace
12,13,9,1,1044.31,552.03,1044.31,-492.28,replace
12,14,0,0,1016.74,968.14,1016.74,-48.60,replace
12,14,0,1,1017.33,821.82,1017.33,-195.51,replace
12,14,4,0,1016.74,968.14,1016.74,-48.60,replace
12,14,4,1,1017.33,821.82,1017.33,-195.51,replace
12,14,5,0,1016.74,968.14,1016.74,-48.60,replace
12,14,5,1,1017.33,821.82,1017.33,-195.51,replace
12,14,6,0,1016.74,968.14,1016.74,-48.60,replace
12,14,6,1,1017.33,821.82,1017.33,-195.51,replace
12,14,7,0,1016.74,1015.19,1016.74,-1.55,replace
12,14,7,1,1017.33,861.92,1017.33,-155.40,replace
12,14,8,0,1075.39,895.74,1075.39,-179.65,replace
12,14,8,1,1044.31,807.75,1044.31,-236.55,replace
12,14,9,0,1075.39,552.98,1075.39,-522.41,replace
12,14,9,1,1044.31,552.03,1044.31,-492.28,replace
12,15,0,0,1022.45,961.14,1022.45,-61.32,replace
12,15,0,1,1019.95,820.49,1019.95,-199.46,replace
12,15,5,0,1022.45,961.14,1022.45,-61.32,replace
12,15,5,1,1019.95,820.49,1019.95,-199.46,replace
12,15,6,0,1022.45,961.14,1022.45,-61.32,replace
12,15,6,1,1019.95,820.49,1019.95,-199.46,replace
12,15,7,0,1022.45,1003.56,1022.45,-18.90,replace
12,15,7,1,1019.95,856.64,1019.95,-163.31,replace
12,15,8,0,1075.39,895.74,1075.39,-179.65,replace
12,15,8,1,1044.31,807.75,1044.31,-236.55,replace
12,15,9,0,1075.39,552.98,1075.39,-522.41,replace
12,15,9,1,1044.31,552.03,1044.31,-492.28,replace
12,16,0,0,1027.67,954.73,1027.67,-72.93,replace
12,16,0,1,1022.35,819.27,1022.35,-203.08,replace
12,16,6,0,1027.67,954.73,1027.67,-72.93,replace
12,16,6,1,1022.35,819.27,1022.35,-203.08,replace
12,16,7,0,1027.67,992.93,1027.67,-34.74,replace
12,16,7,1,1022.35,851.83,1022.35,-170.53,replace
12,16,8,0,1075.39,895.74,1075.39,-179.65,replace
12,16,8,1,1044.31,807.75,1044.31,-236.55,replace
12,16,9,0,1075.39,552.98,1075.39,-522.41,replace
12,16,9,1,1044.31,552.03,1044.31,-492.28,replace
12,17,0,0,1032.42,948.89,1032.42,-83.52,replace
12,17,0,1,1024.54,818.15,1024.54,-206.38,replace
12,17,7,0,1032.42,983.26,1032.42,-49.16,replace
12,17,7,1,1024.54,847.44,1024.54,-177.10,replace
12,17,8,0,1075.39,895.74,1075.39,-179.65,replace
12,17,8,1,1044.31,807.75,1044.31,-236.55,replace
12,17,9,0,1075.39,552.98,1075.39,-522.41,replace
12,17,9,1,1044.31,552.03,1044.31,-492.28,replace
12,18,0,0,1036.73,943.58,1036.73,-93.15,replace
12,18,0,1,1026.52,817.13,1026.52,-209.39,replace
12,18,8,0,1075.39,895.74,1075.39,-179.65,replace
12,18,8,1,1044.31,807.75,1044.31,-236.55,replace
12,18,9,0,1075.39,552.98,1075.39,-522.41,replace
12,18,9,1,1044.31,552.03,1044.31,-492.28,replace
12,19,0,0,1040.64,938.77,1040.64,-101.88,replace
12,19,0,1,1028.32,816.20,1028.32,-212.12,replace
12,19,9,0,1075.39,552.98,1075.39,-522.41,replace
12,19,9,1,1044.31,552.03,1044.31,-492.28,replace
12,20,0,0,1044.18,517.27,1044.18,-526.91,replace
12,20,0,1,1029.95,482.53,1029.95,-547.42,replace
